SMILES,SMILES_state,NLL
Cc1ccccc1COC1CCN(Cc2ccco2)C1,1,17.08
Cc1ccc(C(=O)NC2CCC(CN3CCCC3)C2C)cc1,1,25.83
CN1CCN(C2CCN(C(=O)NCc3ccc(F)cc3)CC2)CC1,1,9.24
COc1cccc(CCN2CCN(S(=O)(=O)c3ccc(C(C)(C)C)cc3)CC2)c1,1,17.54
Cc1ccc(CNC2CCCN(Cc3ccc(F)cc3)C2)cc1C,1,16.16
CC(C)c1nccc(C(=O)NC2CCN(CCN3CCOCC3)C2)n1,1,16.91
c1cc(CN2CCOCC2)sc1CN1CCCC1,1,10.77
Cc1ccc(CNCc2ccc[nH]c2=N)cc1C,1,22.32
CC(C)c1csc(CN2CCN(Cc3c(Cl)cccc3Cl)CC2)n1,1,18.73
CN1CCCCC1CNC(=O)c1ccccc1CN1CCCC1,1,18.53
COc1cccc(CC(=O)N2CCN(C(=O)c3ccco3)CC2)c1,1,12.49
CCc1ccc(CN2CCCN(Cc3nc(C)cs3)CC2)o1,1,18.3
Fc1ccccc1CNCCN1CCCCC1,1,21.6
Cc1ccc(C(=O)N2CCN(Cc3ccon3)CC2)s1,1,15.85
CCc1ccccc1OCC(=O)NCc1ccccc1Cl,1,16.91
O=C(Cc1ccccc1)N1CCC(C(=O)N2CCC(Cc3ccccc3)CC2)CC1,1,21.24
CCc1nccc(CN2CCCN(S(=O)(=O)c3cccs3)CC2)n1,1,18.31
Cc1cc2c(nc1C)CCNCC2,1,18.2
CC(NC(=O)CN1CCN(C(=O)c2ccccn2)CC1)c1ccn(C)c1,1,23.42
CCc1cccc(CN2CCC(N3CCCCC3)C2)n1,1,12.53
COc1cccc(C(=O)N2CCN(C(=O)C3CCCCC3)CC2)c1C,1,12.28
Cc1ccccc1CN1CCCC(NC(=O)c2ccc(C(F)(F)F)cc2)C1,1,12.71
O=C(NCC(=O)N1CCN(Cc2ccc(F)cc2)CC1)c1ccccc1,1,15.43
CC(C)NC(=O)N1CCC(CNCc2ccsc2)C1,1,20.63
Cc1cc2c(cc1CNCc1ccccc1F)CCCC2,1,20.3
CC(C)(C)OC(=O)N1CCN(C(=O)NCc2ccc(Cl)cc2)CC1,1,13.25
Cc1cc(CN2CCN(C(=O)c3ccc(C)c(C)c3)CC2)no1,1,11.01
COc1ccccc1CC(C)N1CCC(CNC(=O)c2cnccn2)C1,1,17.2
COc1cc(Cl)ccc1CNC(=O)Cc1ccccc1C,1,19.0
Cc1ccc(CNC2CCN(Cc3ccc(C)s3)CC2)o1,1,12.34
Cc1cccc(C(=O)N(C)CC2CCN(C)C2)n1,1,17.5
COc1ccc(CC(=O)N2CCCCC2)cc1,1,12.62
CCn1cc(C(=O)N2CCC(S(=O)(=O)N3CCCC3)C2)c2ccccc21,1,28.78
O=C(CNC(=O)c1ccc(Cl)cc1)NC1CCC1,1,14.61
O=C(Cc1ccccc1Cl)N1CCN(Cc2ccco2)CC1,1,12.62
O=C(Cc1cccc(F)c1)N1CCN(C(=O)NC2CCCC2)CC1,1,9.97
Cc1ccc(CNCC2CCc3cccnc3O2)s1,1,17.3
Cc1sncc1C(=O)NC1CCN(CC2CCCCC2)C(=O)C1,1,30.26
O=C(NCc1ccccc1Cl)c1cccc(F)c1,1,18.57
COc1ccc(CC(=O)NC2CCCc3cccnc32)cc1,1,17.32
O=C(Cn1c2c(c3ccccc31)CCCCC2)c1ccccc1,1,20.24
Cc1ccc(C(=O)N2CCC(N3CCOCC3)CC2)cc1,1,12.73
Cc1csc(CN2CCN(Cc3ccccc3C)CC2)n1,1,11.82
Cc1nc(C)c(C(=O)NCc2cccc(C(F)(F)F)c2)s1,1,15.01
Cc1ccc(C(=O)N2CCN(CC(=O)NC(=O)c3cccc(C(F)(F)F)c3Cl)C2)nc1,1,31.37
Cn1ccc(CN2CCC(Oc3cccnc3)C(CO)C2)cc1=O,1,23.07
CCc1nc(C)c2c(n1)CCN(C(=O)c1ccc(C)c(C)c1)C2,1,19.29
CCc1cc(CCN2CCC(NC(=O)N3CCCC3)CC2)ccn1,1,17.88
Fc1ccc(CN2CCCC(N3CCOCC3)C2)cc1,1,13.54
CCNC(=O)N1CCN(C(=O)c2csc(C)c2CC)CC1,1,17.24
CN(C)Cc1ccc(C(=O)N2CCN(C(=O)c3cccc(F)c3)CC2)c(Cl)c1,1,24.04
O=C(Cc1cccc(F)c1)NCc1ccc(C(=O)N2CCOCC2)cc1,1,14.55
O=C(Nc1csc2c1CCCC2)c1ccccc1F,1,20.29
O=C(NCc1ccc(F)cc1)NCc1ccc2c(c1)COC2,1,17.27
C1CCCN(Cc2nnc(CN3CCOCC3)o2)CC1,1,14.93
Cn1ccc(C(=O)N2CCN(CCN3CCCCC3=O)CC2)cc1=O,1,21.67
CN1CCCC(CNC(=O)c2cc(Cc3ccccc3)ccc2F)C1,1,15.87
CC(C)c1cccc(CNC2CCN(C(=O)c3ccco3)CC2)n1,1,14.41
O=C(NC1CCN(Cc2cccc(C(F)(F)F)c2)CC1)c1ccccc1-c1ccccc1,1,18.96
O=C(NCc1cccc2c1CCCCC2)n1ccnc1,1,22.7
Cc1cccc(CN2CCC(NC(=O)c3cccc(C)n3)C2)n1,1,15.55
CCc1ccc(C(=O)N2CCN(C(=O)c3sc(-c4cccc(C)c4)nc3C)CC2)c(C)n1,1,17.87
Cc1cccc(OC(=O)N2CCCC2)c1,1,14.37
CC(NCC1CCCCO1)c1ccc(F)c(F)c1,1,22.08
Cc1ccccc1CCN(C(=O)c1cccs1)C1CCN(C)CC1,1,16.31
O=C(NC1CCCN(C(=O)c2ccsc2)C1)c1cccc(F)c1,1,19.02
Cc1ccc(CC(=O)NC2CCCCC2)cc1C,1,14.26
O=C(NCCCc1ccccc1)c1cc(CN2CCC(O)CC2)ccc1Cl,1,28.74
COc1cccc(CC(=O)N2CCOC(Cc3ccccc3)C2)c1,1,13.04
Cc1cc(F)cc(S(=O)(=O)NC2CCCCC2)c1,1,19.05
Cc1cc(CN2CCCC(C(=O)NCc3ccc4c(n3)CCCC4)C2)no1,1,17.07
Cc1cc(C(=O)N2CCN(C(=O)Cc3ccc(F)cc3)CC2)cnc1C,1,12.36
COc1ccc(CNc2ccc(CN3CCCC3)cc2)cc1OC,1,17.48
CC(CN1CCCC1)n1c2c(ccc1=O)CCCCC2,1,17.04
Cc1ccccc1CC(=O)NC1CCN(Cc2cccs2)C1,1,16.33
CCN1CCC(NC(=O)c2ccc(C(=O)NCc3ccc(Cl)cc3)cc2)CC1,1,19.87
COCC(=O)N1CCN(Cc2ccccc2CN2CCCC2)CC1,1,13.98
Cc1cc(C)c(C(=O)N2CCN(C(=O)NC3CCCC3)CC2)cn1,1,17.51
Cc1ccc(C(=O)NCC(=O)N2CCN(C(=O)Cc3ccccc3)CC2)o1,1,13.96
CCNC(=O)NCCc1ccccc1OCc1ccc(Cl)cc1Cl,1,27.85
COC(C)c1cccc(C2COCCN2C(=O)c2ccccc2)c1,1,26.29
COc1nc(C)cc(C(=O)N2CCCC(F)(c3ccc(C(F)(F)F)cc3)C2)c1C,1,27.29
O=C(NC1CCCC1)C1CCN(S(=O)(=O)c2ccccc2)CC1,1,14.67
CC(C)c1cc(C(=O)N2CCN(C(=O)Cc3cccc(F)c3)CC2)no1,1,16.0
Cc1ccc(CNC(=O)N2CCCC2)cc1F,1,14.13
O=C(C1CCN(Cc2cc(F)ccc2F)CC1)N1CCOCC1,1,16.85
COc1ccc(CCC(=O)N2CCOCC2)cc1C,1,13.1
O=C(NCc1cccc(F)c1)N1CCCC1,1,7.71
CC(Cc1cccs1)NC(=O)CN1CCN(C(C)Cc2ccccc2)CC1,1,20.91
CCN(C1CCN(C)CC1)S(=O)(=O)c1ccc2ccccc2c1,1,25.36
COc1ccc(CC(=O)N(C)CCN2CCCC2)cc1,1,13.4
COc1cccc(CCNC(=O)N2CCN(C(=O)c3ccccc3C)CC2)c1,1,19.83
O=C(C1CCC1)N1CCN(C(=O)C2CCCCN2Cc2ccccn2)CC1,1,19.78
O=C(c1ccco1)N1CCN(CCN2CCCCC2)CC1,1,10.96
CCOC(=O)N1CCC(NC(=O)c2cc(C)c(C)cc2OC)CC1,1,18.52
O=C(NCC(=O)N1CCCN(C2CCCC2)CC1)c1ccc(F)cc1,1,17.77
O=C(Cc1ccccc1F)NC1CCN(C2CCCC2)CC1,1,11.8
CN(C(=O)NCc1ccsc1)C1CCCCC1,1,18.18
COc1ccc(CC(=O)N2CCN(C(=O)Cc3cccc(O)c3)CC2)cc1OC,1,12.38
CCc1ccccc1C(=O)N1CCN(C(=O)c2ccoc2C)CC1,1,14.95
COc1ccc(C(=O)N(C)C2CCN(Cc3ccccc3C)CC2)cc1F,1,23.24
COc1cccc(C(=O)NC2CCN(C(=O)c3ccco3)C2)c1OC,1,19.64
O=C(Cc1ccccc1)N1CCN(C(=O)NCc2cccc(F)c2)C1,1,14.24
Cc1ccc(C(=O)N2CCN(Cc3ccc(F)c(C(F)(F)F)c3)CC2)cc1F,1,24.34
COc1cc(C)c(C)cc1C(=O)NC1CCN(Cc2ccc(C)s2)C1,1,15.62
c1cc(CCCN2CCCCC2)cc(CN2CCCCC2)c1,1,17.59
Cc1ccccc1OCC(=O)N1CCC(N2CCOCC2)CC1,1,16.48
COc1cccc(Cc2cccn2CCN2CCCC2)c1,1,26.73
COc1cccc(C2CCN(Cc3ccccc3F)CC2)c1,1,15.35
O=C(COc1ccc(Cl)cc1)N1CCN(C2CCCCC2)CC1,1,14.78
COc1cccc(CC(=O)N2CCN(C(=O)NCc3ccc(F)cc3)CC2)c1,1,9.57
Cc1ccc(C(=O)NCC(=O)N2CCCN(C)CC2)s1,1,18.34
Cc1cc(CN2CCN(Cc3cccc(CN4CCCC4)c3)CC2)oc1C,1,12.18
Cc1ccccc1CC(=O)N1CCN(C(=O)N(C)C)CC1,1,10.38
CCc1ccccc1CN(C)CC1CCCN(CCc2ccc(OC)cc2)C1,1,21.51
Cc1ccc(C)c(C(=O)N2CCN(CC(=O)NCc3cccs3)CC2)c1,1,17.69
Cc1nc(CN2CCN(Cc3ccccc3Cl)CC2)cs1,1,15.17
CN1CCN(C2(CNC(=O)c3cc(Cl)cc(Br)c3)CCCCC2)CC1,1,22.67
Cc1ccc(CN2CCC(N3CCN(C(=O)c4ccccc4)CC3)CC2)o1,1,15.36
O=C(NCc1ccc(C(=O)N2CCOCC2)cc1)c1ccccc1Br,1,17.87
Cc1cc(C)cc(CC(=O)N2CCN(C(=O)CCc3ccccc3)CC2)c1,1,12.6
COc1ccc(CCCNCc2ccccn2)cc1OC,1,22.15
COc1ccccc1C(=O)N1CCN(C(=O)Oc2ccc(C)cc2)CC1,1,18.91
Cc1ccc(C(=O)N2CCC(N3CCCC3)C2)o1,1,12.85
O=C(NC1CCCCC1)c1ccc(C(=O)N2CCN(C(=O)c3ccc(F)cc3)CC2)cc1,1,16.86
CC(C)(C)OC(=O)N1CCN(C(=O)c2ccccc2Oc2ccc(F)cc2F)CC1,1,20.97
Cc1cc(C(=O)NCc2ccc3c(c2)OCO3)c(C)o1,1,15.36
COc1ccc(S(=O)(=O)N2CCCCC2)cc1Cl,1,14.7
Cc1ccccc1C(=O)C1CCCN(Cc2cccc(F)c2)C1,1,19.74
Cc1cc(C)cc(C(=O)N2CCc3ccc(O)cc3C2)c1,1,17.59
Cc1ccsc1C(=O)N1CCN(C(=O)Cc2ccc(C(F)(F)F)cc2)CC1,1,15.03
CCc1ccc(C(=O)NCC2CCN(C)C2)o1,1,14.68
CC(NC(=O)CN1CCN(C2CCCCC2)CC1)c1c(F)cccc1F,1,21.37
Cc1cc(C(=O)NCC(=O)N2CCN(C(=O)Cc3cccs3)CC2)ccc1F,1,15.42
Cc1ccc(C(=O)N2CCN(C(=O)c3ccc(CN4CCCCC4)cc3)CC2)cc1,1,13.65
O=C(Cc1ccc(Cl)c(Cl)c1)N1CCN(C(=O)NCc2cccc(F)c2)CC1,1,10.73
CN1CCN(C(=O)c2ccc(C(=O)N3CCC(N4CCCC4)CC3)cc2)CC1,1,11.23
O=C(NC1CCCCC1)N1CCN(C(=O)c2ccco2)CC1,1,15.7
O=C(NCc1cccc(F)c1)N1CCN(C(=O)c2ccsc2)CC1,1,9.83
CC(C)OC(=O)N1CCN(C(=O)c2ccccc2CCc2ccccc2)CC1,1,15.45
COc1cccc(C(=O)N2CCC(c3ccccc3)CC2)c1C,1,14.84
Cc1cc(C(=O)NCC(=O)NC2CCCN(Cc3ccccc3F)C2)c(C)o1,1,19.71
COC(=O)c1cccc(NCc2ccc(C)o2)c1C,1,24.5
CCc1ccc(S(=O)(=O)N2CCN(C(=O)CCCc3cccs3)CC2)cc1,1,24.55
CC(=O)c1cccc(CN2CCCC(N3CCOCC3)C2)c1,1,15.33
CCc1ccccc1CC(=O)N1CCN(C(=O)c2cccs2)CC1,1,16.47
O=C(Cc1ccc(Cl)cc1)NCc1ccc2c(c1)CCCC2,1,14.8
Cc1cc(C(=O)N2CCN(C(=O)c3cccnc3)CC2)ccc1Br,1,19.53
Cc1cc(C(=O)N(C2CCCCC2)C(C)c2cccc(F)c2)c(C)o1,1,19.29
O=C(NCCc1ccccc1F)C1CCN(Cc2cccnc2)C1,1,17.79
COc1cccc(CC(=O)N2CCN(C(=O)N(C)C)CC2)c1,1,13.35
COc1ccccc1CN1CCN(CCN2CCCC2)CC1,1,12.88
O=C(Cc1ccccc1F)N1CCc2ccccc2C1,1,13.1
O=C(NCc1ccc(F)cc1)N1CCN(CC2CCCCC2)C1,1,11.31
O=C(c1ccc(C(F)(F)F)o1)N1CCc2ncccc2C1,1,18.49
CCCN1CCN(Cc2ccc(Br)s2)CC1,1,18.7
Cc1ccccc1CN(C(=O)Cc1cccs1)C1CCN(C)CC1,1,17.93
Cc1ccccc1CC(=O)N1CCC(CNC(=O)c2ccc(C(F)(F)F)cc2)CC1,1,17.46
Cc1ccc(C(=O)N2CCN(C(=O)OC(C)C)C2)o1,1,14.63
CC(=O)c1ccc(CN2CCN(C(=O)Cc3ccc(Cl)cc3)CC2)nc1,1,22.76
COc1ccc(CCN2CCCC(COc3ccccn3)C2)cc1,1,15.32
N=c1ccn(C2OC(COC(=O)c3ccccc3)C2F)c(=O)[nH]1,1,24.25
COc1ccccc1CNC(=O)N1CCc2ccccc2C1,1,15.95
Cc1cc(C(=O)N2CCN(CC(=O)NC(C)C3CCCCC3)CC2)c(C)o1,1,13.77
Cc1ccc(CNC(=O)C2CCC(NC(=O)N3CCCCC3)C2)cc1C,1,24.86
Cc1cccc(CNC2CCN(C(=O)NCc3ccc(F)cc3)C2)c1,1,16.97
Cc1ccc(CCNC(=O)Cc2cccc(C(F)(F)F)c2)cc1,1,15.76
O=C(CC1CCCCO1)NCc1ccc(F)cc1,1,16.15
O=C(NC1CCN(Cc2ccccc2F)CC1)c1ccccc1O,1,18.26
Cc1ccc(CNC(=O)N2CCN(C)C2)cc1F,1,15.6
COc1ccccc1CC(=O)N1CCOCC1,1,12.4
Cc1ccc(C(=O)NC2CCN(Cc3ccoc3C)CC2)nc1,1,17.93
O=C(Cc1ccccc1)N1CCN(CCNC2CCCCC2)CC1,1,13.78
O=C(Cc1cccc(C(F)(F)F)c1)NC1CCCCC1,1,12.57
COc1ccc(CNC(=O)N(C)CCN2CCCC2)cc1,1,12.95
CN1CCC(NC(=O)c2cccc(COc3ccccc3F)c2)CC1,1,14.39
O=S(=O)(NCc1ccc(C2CCCCC2)cc1)C1CCCCC1,1,16.84
Cc1cc(CNC2CCN(Cc3sccc3C)CC2)c(C)[nH]1,1,20.36
O=C(Cc1ccc(F)c(F)c1)N1CCN(C(=O)N2CCOCC2)CC1,1,13.5
COc1ccc(CN2CCCC(C(=O)N3CCCCC3)C2)c(C)c1C,1,18.27
CC(OC(=O)NCc1ccc(F)cc1)c1cccc(OCC2CCCC2)c1,1,23.57
O=C(Cc1ccccc1)N1CCC(NC(=O)N2CCN(Cc3ccccc3)CC2)C1,1,17.63
CC(COCc1ccccc1)NC(=O)NCc1ccccc1Cl,1,19.59
CC(CC1CCCCC1)NC(=O)N1CCCC1,1,11.23
CC(C)(C)OC(=O)N1CCN(C(=O)Cc2ccc(Cl)c(Cl)c2)CC1,1,13.33
Cc1ccoc1C(=O)N1CCN(Cc2ccccc2CN2CCCC2)CC1,1,16.32
CC(C)NCCC(=O)N1CCN(CC(=O)NCc2ccc(Cl)cc2Cl)CC1,1,20.01
CCCN1CCN(C(=O)NCc2ccc(F)cc2)CC1,1,11.89
c1cc2c(c(CN3CCCCCC3)c1)CCCC2,1,14.3
COc1cccc(CC(=O)N2CCN(C(=O)c3ccc(C)nc3)CC2)c1,1,12.6
O=C(NCc1ccc2c(c1)OCO2)c1ccc(Br)o1,1,12.58
CN1CCC(N2CCN(C(=O)Cc3ccccc3F)CC2)CC1,1,10.71
O=C(Cc1ccccc1F)N1CCC(N2CC(c3ccc(F)cc3)C2)C1,1,23.89
Cc1cc(C)c(C(=O)NCC2CCN(C(=O)CCc3ccccc3)C2)o1,1,19.59
O=C(Cc1cccs1)N1CCCCC1c1cncc(F)c1,1,24.47
Cc1ccc(CN2CCN(Cc3ccccc3C)CC2)s1,1,11.6
COc1ccc(CCNC(=O)NCc2ccc3c(c2)CCO3)cc1OC,1,15.63
COc1ccc(OC2CCN(S(=O)(=O)c3cn(C)cn3)CC2)cc1,1,24.01
CN(Cc1ccc2c(c1)C(O)CCC2)C(=O)CCc1ccccc1,1,23.52
CC(C)OC(=O)N1CCN(C(=O)Cc2ccc(F)cc2)CC1,1,11.87
O=C(NCc1cccc(F)c1)N1CCCC1c1cncc(F)c1,1,21.98
Cc1cc(C(=O)N2CCCCC2)cnc1C,1,13.79
CCc1cccc(C(=O)NC2CCN(C(=O)c3cnccn3)CC2)n1,1,20.05
Cc1nc(C(=O)N2CCN(C(=O)c3ccccc3C)CC2)cs1,1,18.29
COc1ccccc1C(=O)NCCc1ccc(CN2CCN(C3COC3)CC2)cc1,1,27.61
O=C(Cc1ccc(F)cc1Cl)N1CCN(C(=O)NC2CCCC2)CC1,1,12.56
COc1ccc(CNC(=O)Cc2ccccc2C)cc1,1,14.21
CC(C)Cc1nc(CN2CCCC2)no1,1,11.86
CC(C)(C)c1ccc(C(=O)N2CCN(Cc3cccnc3)CC2)cc1,1,11.69
O=C(Cc1ccccc1)N1CCN(C(=O)c2csc(-c3ccncc3)c2)CC1,1,18.9
CC(F)C(F)(COCc1ccccn1)c1ccccc1,1,24.19
COc1ccc(C(=O)NCCCN2CCN(C(=O)Cc3ccccc3)CC2)cc1OC,1,15.06
Cc1ccc(C(=O)NCC2CCN(C(=O)c3cccnc3)C2)cc1C,1,14.35
CC(C)CN1CCN(C(=O)CNC(=O)c2cc(Cl)cc(Cl)c2)CC1,1,14.13
Cc1ccc(CNC2CCCN(C(=O)Cc3cccc(F)c3)C2)s1,1,14.37
CN1CCN(Cc2cccc(OC3CCCC(O)C3O)c2)CC1,1,20.06
O=C(c1cccc(Cc2cccnc2)c1)N1CCOCC1,1,14.04
Cc1cc(C(=O)N2CCN(C(=O)NCc3ccc(F)cc3)CC2)c(C)o1,1,9.08
CN(C(=O)c1ccoc1)C(CN1CCCC1)c1ccc(F)cc1,1,22.2
CC(NC(=O)CN1CCN(C(=O)NC2CCCCC2)C1)c1ccc(F)cc1,1,18.36
COc1ccc(CC(=O)N2CCN(C3CCCCC3)CC2)cc1F,1,14.25
CCc1nc(CN2CCN(Cc3ccco3)CC2)co1,1,13.57
CCc1cccc(CN2CCN(CCN3CC=CCC3)CC2)n1,1,17.58
Cc1ccc(C(=O)N2CCN(Cc3cccnc3)CC2)s1,1,13.88
CCN1CCN(CC(=O)NCc2cc(Cl)ccc2OC)CC1,1,17.38
Cc1ccc(C(=O)OCc2ccc(C(=O)N3CCCCC3)cc2)cc1C,1,19.29
Cc1cc(CN2CCC(CC(=O)N3CCCCC3)CC2)no1,1,15.34
CN(C)CC(=O)N1CCN(C2CCCc3cc(Br)cnc32)CC1,1,20.61
CC1CN(C2CCCN(C(=O)c3ccsc3)C2)CC1O,1,22.65
CC1CCCN(C(=O)NCc2ccc(F)cc2)C1,1,12.27
Cc1nc(CN(C)Cc2ccccn2)cc2c1CCCC2,1,20.42
CCC(NC(=O)CN1CCN(C(C)C)CC1)c1ccc(C)c(Cl)c1,1,16.43
CN(CCN1CCCCC1)C(=O)Cc1cccc(O)c1,1,14.62
O=C(Cc1ccccc1F)N1CCCN(C(=O)c2cccc(F)c2)CC1,1,16.29
O=C(CCc1ccc(F)cc1)NCC1CCN(Cc2ccc(F)cc2)C1,1,14.55
Cc1ccc(CC(=O)N2CCN(Cc3ccc(Cl)s3)C2)cc1F,1,19.75
O=C(CSc1ccc(Cl)cc1)N1CCN(C(=O)Cc2ccccc2)CC1,1,15.36
CC(Cc1ccccc1)N1CCCC1,1,12.09
CN1CCN(C(=O)c2cccc(CN3CCCC3)c2)CC1,1,12.59
Fc1cc(F)cc(CN2CCN(CCc3cccs3)CC2)c1,1,17.45
CCNC(=O)N1CCCC1C(=O)NCc1cccc(Cl)c1Cl,1,20.22
c1cc(CN2CCCCC2)cc(CN2CCCC2)c1,1,9.37
Cc1cccc(CN2CCC(NC(=O)c3cccc(F)c3)CC2)n1,1,9.88
O=C(NCCc1ccccc1)c1ccc(Cl)nc1,1,17.51
O=c1[nH]c(O)c(Cc2cccc(Br)c2)s1,1,21.43
Cc1c(C(=O)N2CCOCC2)ncn1CCc1cccs1,1,24.22
O=C(CNC(=O)c1ccc(Br)o1)NCc1ccc2c(c1)OCCO2,1,14.62
Cc1ccc(C)c(OCC(=O)NCC2CCCCC2)c1,1,18.5
CCc1nc(C)ncc1CN1CCCC(Cc2ccncc2)C1,1,20.62
COc1cccc(CN2CCC(NCc3cccnc3)C2)c1,1,17.6
Cc1cc(C(=O)NC2CCN(Cc3cccs3)CC2)c(C)o1,1,12.29
CN1CCC(NC(=O)c2ccccc2CCc2ccccc2)CC1,1,8.52
FC(F)(F)c1cccc(CN2CCN(CCN3CCCC3)CC2)c1,1,11.96
CN(C)CCN(Cc1cccc(F)c1)Cc1ccccn1,1,21.16
O=C(Cc1ccc(CN2CCCCC2)cc1)N1CCN(C(=O)c2ccoc2)CC1,1,22.11
COc1ccccc1CC(=O)N1CCN(Cc2ccnc(C)c2)CC1,1,15.55
O=S(=O)(CCc1ccccc1)NC1CCN(CC2CCOC2)CC1,1,19.23
O=C(Cc1cccc(F)c1)N1CCN(C(=O)NCc2ccccc2F)CC1,1,9.87
CN(C(=O)c1ccccc1F)C1CCN(C(=O)c2ccccc2)C1,1,21.78
Cc1cc(C(=O)N2CCN(C(=O)CNC(=O)c3cccc(Cl)c3)CC2)c(C)nc1C,1,16.57
O=C(c1cccc(CN2CCCC2CCO)c1)N1CCOCC1,1,17.55
Cc1cccc(C2CN(C3CCOCC3)CCO2)c1,1,21.46
O=C(Cc1ccccc1F)N1CCN(C(=O)c2ccoc2)CC1,1,12.51
COc1cc(C(=O)N2CCN(C(=O)c3c[nH]ccc3=NC3CCCC3)CC2)ccc1F,1,27.82
COc1cccc(CNC(=O)COc2ccc(F)cc2)c1OC,1,18.24
Cc1cc(CN2CCC(NC(=O)CNC(=O)c3cccc(F)c3)CC2)no1,1,13.59
CNCc1cc(C(=O)N2CCN(C3CCC3)CC2)ccc1Oc1cccnc1,1,21.11
O=C(Cc1ccc(F)cc1)N1CCN(C(=O)NCc2ccc(F)cc2)CC1,1,9.68
Cc1ccc(C(=O)N2CCN(C(=O)Cc3cc(F)cc(F)c3)CC2)cc1C,1,10.16
CN1CCN(C(=O)COC2CCN(C(=O)Cc3ccccc3F)C2)CC1,1,18.07
Cc1csc(C(=O)N2CCN(C(=O)c3ccc(F)cc3Cl)CC2)c1,1,21.91
Cc1ccc(C(=O)NCC(=O)NC2CCCCC2)cc1F,1,15.56
O=C(Cc1ccc(F)cc1)N1CCN(c2ncc(F)cn2)CC1,1,14.21
Cc1ccccc1OCC(=O)N1CCN(C(=O)NCc2ccccc2F)CC1,1,14.11
COc1cccc(C(=O)NCc2ccccc2CN2CCN(C)CC2)c1,1,19.4
CC(C)N1CCN(CC2CCCc3ccccc32)CC1,1,18.76
Oc1cc2c(cc1O)CCCC2,1,15.71
COc1ccc(CCNC(=O)NC2CCCCC2)cc1,1,12.06
COC(=O)CN1CCN(C(=O)Cc2ccc(Cl)c(Cl)c2)CC1,1,19.0
O=C(c1cccc(CN2CCCC2)c1)N1CCCCCC1,1,14.22
CC(C)NC(=O)N1CCN(C(=O)Cc2cccc(F)c2)CC1,1,10.41
COC(=O)c1c(NC(=O)c2cccc(C)c2)sc2c1CCCC2,1,18.18
CN(CC1CCN(C2CCCC2)CC1)C(=O)c1ccccc1F,1,19.99
O=C(NC1CCN(C(=O)c2ccc(F)cc2)C1)c1ccccc1Cl,1,18.96
CCCOc1ccc(CNC2CCCCC2)cc1,1,19.66
Cc1[nH]c(=O)c(CN(Cc2ccc(F)cc2)C(C)C)cc1CN1CCOCC1,1,27.43
Cc1ccccc1CNCC1CCCN(Cc2cccnc2)C1,1,15.45
Cc1cc(C(=O)N2CCN(C(=O)Cc3ccc(F)c(F)c3)CC2)c(C)nc1C,1,12.94
Cc1ccccc1CC(=O)N1CCN(C(=O)c2ccccc2)CC1,1,12.62
CC(C)(C)c1ccc(C(=O)N2CCN(CCc3ccccn3)CC2)cc1,1,13.63
Cc1cccc(C(=O)N2CCN(C3CCCCC3)CC2)c1C,1,10.86
CC1(C)CCCN(C(=O)CCn2cccc2)C1,1,15.82
O=C(Cc1ccc(C(F)(F)F)cc1)N1CCN(C(=O)c2cccc(F)c2)CC1,1,12.56
Cc1ccc(C2(C(=O)N3CCCCC3)CCCC2)cc1C,1,16.66
CN1CCN(Cc2ccn(C)c(=O)c2)CC1,1,14.16
Cc1ccc(CNCCC(=O)NC2CCN(C)C2)cc1,1,24.6
CN1CCN(CCn2c3c(c4c(Cl)cccc42)CCCC3)CC1,1,22.79
O=C1c2ccccc2-c2ccccc21,1,16.98
COc1cccc(CC(=O)N2CCN(Cc3ccccn3)CC2)c1,1,12.44
Cc1nc(CN2CCN(C(=O)CNC(=O)c3cccc(F)c3)CC2)c(C)o1,1,14.75
O=C(NCc1ccccn1)c1coc2ccccc12,1,21.94
O=C(NCc1ccc(CN2CCCCC2)cc1)NCc1cccc(F)c1,1,14.26
Cc1ccc(CNCc2ccnc(N3CCCC3)c2)o1,1,16.88
CN1CCC(N(C)C(=O)c2ccccc2Oc2ccccc2)CC1,1,13.02
Cc1cc(CC(=O)N2CCCC(Cc3ccncc3)C2)c(C)o1,1,20.43
Cc1nc(CN2CCN(C(=O)Cc3cc(F)cc(F)c3)CC2)oc1C,1,15.52
O=C(CCc1ccccc1Cl)N1CCN(C(=O)Cc2ccccc2)CC1,1,15.07
COc1ccc(C)c(CNC2CCN(Cc3cc(C)on3)CC2)c1,1,15.94
Cc1ccc(C(=O)NC2CCCC2)cc1CN1CCOCC1,1,15.59
Cc1ccccc1CN1CCN(C(=O)NC2CCCCC2)CC1,1,12.36
Cc1cccc(C(C)NC(=O)N2CCCCC2)c1,1,15.69
O=C(Cc1ccccc1F)N1CCN(C(=O)NCc2ccc(F)cc2)CC1,1,10.34
CC(C)CCc1cc(C(=O)NCc2ccccc2)ccc1O,1,23.13
O=C(Cc1cccc(O)c1)N1CCN(Cc2ccco2)CC1,1,12.09
Cc1ccc(C(=O)N2CCN(C(=O)NCc3cccc(F)c3)CC2)cn1,1,12.63
CN1CCN(C2CCN(Cc3ccc(F)cc3)CC2)CC1,1,12.74
O=C(Cc1cc(F)cc(F)c1)N1CCN(Cc2cccs2)CC1,1,10.94
CC1CCCN1C(=O)Cc1ccc(Br)cc1,1,12.44
Cc1ccc(CN2CCOCC2)s1,1,14.79
COc1cccc(CC(=O)N2CCN(C(=O)c3csc(C)n3)CC2)c1,1,10.53
Cc1ccc(C(=O)NCCn2ccc3c2CCCCC3)cc1C,1,15.49
O=C(N1CCN(Cc2ccc(C(F)(F)F)cn2)CC1)N1CCCOC1,1,21.09
Cc1cc(C(=O)N2CCN(C(=O)c3cccc(C)c3C)CC2)c(C)o1,1,11.22
O=C(NCc1ccccc1F)N1CCN(C(=O)c2ccsc2)CC1,1,13.01
Cc1cc(C(=O)N2CCN(C(=O)Cc3ccc(F)cc3F)CC2)c(C)n1C,1,16.97
Cc1ccc(C(=O)N2CCN(C3CCN(C)CC3)CC2)cc1,1,11.61
CCOC(=O)N1CCC(NC(=O)c2cc(Cl)c(OC)c(OC)c2)C1,1,18.47
CC(C)c1ccc(C(=O)NC2CCN(CCc3ccccn3)CC2)s1,1,17.56
Cc1cccc(CN2CCC(C(=O)c3ccccc3C)CC2)n1,1,19.44
CN1CCN(CC2CCC(NC(=O)c3cccc4ccccc34)CC2)CC1,1,17.31
COc1ccc(CN2CCCC(C(=O)NC3CCC3)C2)c(C)c1C,1,13.51
COCc1cccc(C(=O)NC2CCCN(Cc3cccs3)C2)c1,1,19.93
Cc1ccc(CN2CCC(N3CCC(C(=O)NCCc4ccccc4)C3)CC2)s1,1,22.02
CCc1cnc(N2CCCC(C(O)C3CCC3)C2)nc1,1,24.34
O=C(Cc1ccc(C(F)(F)F)cc1)N1CCN(C(=O)Cc2cccc(F)c2)CC1,1,17.81
CN1CCC(NC(=O)c2ccc(N3CCCCC3)nc2)CC1,1,13.47
Cc1cc(C(=O)NC2(c3cccs3)CCCCC2)cnc1C(C)C,1,24.35
CN1CCC(NC(=O)NCc2cccc(F)c2)CC1,1,10.08
Cc1ccc(C)c(C(=O)N2CCN(Cc3ccc(C4CCCC4)cc3)CC2)c1,1,21.79
COC(=O)c1ccc(CN2CCCCC2)cc1,1,15.06
Cc1ccc(CN2CCCC(C(=O)N3CCCC3)C2)cc1C,1,12.8
COc1ccc(CC(=O)N2CCN(C(=O)c3ccco3)CC2)cc1Cl,1,13.36
Cc1ccc(CN2CCN(C(=O)Nc3cccc(F)c3)CC2)cn1,1,18.28
Cc1occc1C(=O)N1CCC2(CCCCC2)C1,1,15.67
CC1=CCCc2ccc(OC(=O)c3ccccc3)cc21,1,23.56
Cc1ccc(CNC(=O)N2CCN(Cc3ccc(C)o3)CC2)cc1,1,15.28
CC1(C)CCCN(Cc2cc3c(s2)CCC3)C1,1,21.66
Cc1cc(C)c(CN2CCN(C(=O)c3ccc(C(C)(C)C)cc3)CC2)c(C)c1C,1,14.48
O=C(CCc1cccc(F)c1)NC1CCN(C(=O)Cc2ccccc2F)CC1,1,15.53
O=C(CCN1CCCCCC1)NCc1cccc(C(F)(F)F)c1,1,18.15
Cc1ccc(C2CCCC2)nc1CN(C)C(C)CO,1,19.41
O=C(NCc1cccc(F)c1)N1CCN(C(=O)C2CCCO2)CC1,1,13.53
Cc1cccc(C(=O)N2CCN(C(=O)CCc3ccccn3)CC2)c1C,1,13.45
O=C(NCCCc1ccccc1)c1ccc(CN2CCCC2)cc1,1,16.82
CN(C)C(=O)N1CCN(C(=O)c2ccc3c(c2)CCC3)CC1,1,17.93
O=C(NCC(=O)N1CCN(C(=O)c2cccs2)CC1)c1ccc(F)cc1,1,17.35
CC(NC(=O)CN1CCN(C(=O)Cc2ccc(F)cc2)CC1)c1ccccc1,1,17.33
Cc1ccc(C(=O)N2CCN(C(=O)NCc3ccoc3C)CC2)cc1F,1,19.57
NC1CCCN(C(=O)c2ccc(Oc3ccccc3)nc2)C1,1,22.21
COc1ccc(CNC(=O)CCc2ccc(-c3cccc(F)c3)nc2C)cc1,1,18.59
Cc1cc(C)c(CNC2CCc3cccc(O)c3C2)cc1Cl,1,24.53
CCc1nc(CN2CCN(C(=O)CCc3ccccc3)CC2)co1,1,16.47
Cc1ccc(C(=O)N2CCN(C(=O)Cc3cccc(O)c3)CC2)c(C)c1,1,14.63
O=C(c1cnc(Cc2ccccc2)s1)N1CCCCC1,1,17.33
Cc1c(Cl)ccc(C(=O)NCc2nc3c(o2)CCCC3)c1Cl,1,24.15
CCc1nc(-c2ccc(C(F)(F)F)cc2)ccc1C(=O)NC1CCNCC1,1,14.22
Cc1cc(CN=C2CCCC(CN3CCOCC3)N2)c(C)o1,1,24.8
Cc1ccc(C)c(CC(=O)N2CCN(C(=O)NCc3cccc(F)c3)CC2)c1,1,13.77
Cc1c(C)c(C(=O)NC2CCCCC2)n(Cc2ccccn2)c1C,1,20.18
O=C(Cc1ccc(C(F)(F)F)cc1)N1CCN(C(=O)c2ccccc2)CC1,1,11.0
O=C(c1ccoc1COc1ccc(F)cc1)N1CCCC1,1,16.19
O=C(Cc1ccccc1C(F)(F)F)NCc1cccc(Cl)c1,1,19.61
O=C(CC1CCCCN1)NCc1ccc(Cl)s1,1,18.97
O=C(Cc1ccccc1F)N1CCN(C2CCC2)CC1,1,13.48
Fc1cc(CN2CCCOCC2)ccc1OC(F)(F)F,1,20.15
Cc1cccc(CN2CCN(CCc3cccnc3)CC2)n1,1,13.47
Cc1ccc(CN(C(=O)c2cccs2)C2CCN(Cc3ccccc3)C2)cc1,1,21.93
CS(=O)(=O)N1CCN(CC(=O)c2ccc(F)cc2)CC1,1,18.71
Cc1ccsc1CCNCc1cccc(C2CCCCC2)c1,1,22.8
Cc1ccc(C(=O)N2CCN(C(=O)Cc3cccc(O)c3)CC2)cc1C,1,10.91
O=C(c1ccc(Cl)cc1)N1CCN(CCN2CCOCC2)CC1,1,15.48
Cn1ccnc1CN1CCN(C(=O)Cc2cccc(F)c2)CC1,1,14.01
COc1cccc(CNC(=O)CN2CCN(C(=O)C3CCCCC3)CC2)c1,1,14.62
O=C(NCc1ccc2c(c1)CCO2)c1ccc(C(F)(F)F)cc1,1,13.42
O=C(Cc1ccccc1)N=c1c2c([nH]c3ccccc13)CCCC2,1,14.72
COc1cccc(CC(=O)N2CCCN(CC3CCCC3)CC2)c1,1,17.5
CN(C)Cc1ccccc1CN1CCOCC1,1,13.28
O=C(Cc1cccc(F)c1)N1CCN(C(=O)NCc2ccc(F)cc2)CC1,1,8.71
O=C(NCC1CCCN(Cc2cccc(F)c2)C1)c1ccco1,1,15.68
CN(C(=O)NCc1cccc(F)c1)C1CCN(CCc2ccccn2)CC1,1,18.52
COc1ccccc1CC(=O)N1CCN(Cc2ccccc2OC)CC1,1,13.0
COc1ccccc1CNC(=O)CN(Cc1cccs1)C1CCCCC1,1,17.64
Cc1ccccc1C(=O)N1CCN(C(=O)NCc2cccc(F)c2)CC1,1,11.65
Cc1ccccc1CC(=O)N1CCN(Cc2sccc2C)CC1,1,14.69
O=C(Cc1ccc(C(F)(F)F)cc1)N1CCOCC1,1,9.78
Cc1ccc(CC(=O)N2CCCCC2)cc1,1,12.35
O=C(NCCC1CCCCC1)C1CCN(S(=O)(=O)c2ccccc2)CC1,1,22.56
Cc1cccc(C(=O)NCC(=O)NC2CCN(C3CCCC3)CC2)c1,1,14.67
Oc1ccc2c(c1)CCC2CC1CCN(Cc2cccnc2)CC1,1,17.52
O=C(CNCc1ccc(F)cc1)N1CCCC1,1,11.05
O=C(Cc1cccc(F)c1)N1CCN(C(=O)NC2CCCCC2)CC1,1,10.39
O=C(NCc1cccc(F)c1)N1CCN(C(=O)c2ccco2)CC1,1,10.18
CCc1cc(C)n(C)c(=O)c1CN(C)C1CCCC1,1,26.21
Cc1nc(CN2CCC(NC(=O)c3cnc(C)c(C)c3)CC2)c(C)o1,1,12.7
CN(Cc1ccc(Cl)s1)CC1CCN1C,1,23.18
COc1ccccc1C1CCN(C(=O)c2cn(C)c3ccccc23)CC1,1,19.69
O=C(NCc1ccccc1-c1ccccn1)c1ccc(Cc2ccccc2)o1,1,26.32
O=C(CCc1ccccc1)N1CCN(Cc2cccc(CN3CCOCC3)c2)CC1,1,13.04
O=C(c1cccc(CN2CCN(Cc3ccccc3)CC2)n1)N1CCOCC1,1,14.79
Cc1cc(C(=O)N2CCN(C(=O)NCc3cccc(F)c3)CC2)c(C)o1,1,12.81
Cc1cccc(C(=O)N2CCN(C(=O)NCc3cccc(F)c3)CC2)c1O,1,18.39
Cc1cc(C)nc(N2CCC(NC(=O)c3cc(C)oc3C)CC2)n1,1,15.39
CC(C)c1cc(N2CCN(C(=O)NC3CCCC3)CC2)ncn1,1,18.05
Cc1ccc(CNCc2ccc(CN3CCCC3)cc2)cn1,1,11.59
Cc1cc(C(=O)N2CCC(N3CCCCC3)C2)c(C)o1,1,14.63
COc1ccccc1CN(C(=O)COc1ccc(C)cc1)C1CCN(C)CC1,1,16.63
Cc1cc(C(=O)NCC(=O)N2CCCC2)ccc1F,1,9.89
Cc1c2c(n(CCN3CCN(C)CC3)c1C)C(C)CCC2=O,1,23.68
COc1cccc(CCN2CCC(NC(=O)c3ccccc3OC)C2)c1,1,18.66
Cc1ccc(CNC2CCC(NC(=O)c3cccc(F)c3)CC2)s1,1,15.32
O=C(Cc1ccc(F)c(F)c1)N1CCC(CNCc2cccc(F)c2)CC1,1,19.65
COCc1cccc(C(=O)NC2CCCN(Cc3ccc(F)c(F)c3)C2)c1,1,17.88
Oc1ccccc1CN1CCN(Cc2cccnc2)CC1,1,16.15
Cc1nc(C)c(C(=O)N2CCN(Cc3cccc(CN4CCCC4)c3)CC2)s1,1,19.44
COc1ccccc1C(=O)N1CCN(C(=O)c2cccc(CN3CCOCC3)c2)CC1,1,16.76
CN(C)Cc1ccc(CNCc2ccncc2)cc1,1,14.65
COc1ccc(OC(C)C(=O)NCc2ccccc2)cc1,1,20.51
COc1ccc(CNc2sc3c(c2C(N)=O)CCCC3)cc1Cl,1,22.1
O=C(c1cccnc1)N1CCCN(CCN2CCOCC2)CC1,1,17.35
COc1cccc(CC(=O)N2CCN(C(=O)c3ccoc3C)CC2)c1,1,13.23
c1cc(CN2CCCC2)cc(CN2CCN(Cc3ccco3)CC2)c1,1,9.83
CN1CCN(S(=O)(=O)c2cc(Br)cc3c2OCCC3)CC1,1,20.06
O=C(NCc1ccc2ccccc2c1)N1CCNCC1,1,19.54
CCOC(=O)N1CCC(NC(=O)c2cn(C(C)C)c(C)c(-c3cccc(F)c3)c2=O)CC1,1,16.69
CC(C)(C)OC(=O)N1CCC(NC(=O)c2ccccc2OCc2ccccc2F)CC1,1,18.4
Cc1cccc(CNC(=O)NCc2ccc(F)cc2)c1,1,13.56
Cc1nc(C(=O)NCc2cccc(C3CCCC3)c2)ccc1C(=O)N(C)C,1,27.2
O=C(Cc1cccc(O)c1)N1CCN(Cc2ccncc2)CC1,1,11.8
Cc1ccc(C(=O)N2CCN(C(=O)NCc3cccc(F)c3)CC2)cc1C,1,10.83
Cc1ccccc1CNC(=O)N1CCCC1,1,11.51
Cc1ccc(CNC(=O)N2CCOCC2)cc1Cl,1,13.34
O=C(NCCC(=O)N1CCN(C(=O)C2CCC2)CC1)c1ccc(F)cc1,1,16.16
Cc1ccsc1CNC1CCC(NC(=O)c2ccc(C(C)C)cc2Cl)CC1,1,29.09
Cc1cc(C)cc(CC(=O)N2CCCC2)c1,1,9.97
CN(CCc1cccc(Cl)c1)C1CCCN(C(=O)c2cccnc2)C1,1,24.5
COc1cccc(C(=O)N2CCN(C3CCN(C(C)C)CC3)CC2)c1C,1,15.51
O=C(c1cccs1)N1CCCC1,1,13.06
CC(N=c1ccc(Cl)c[nH]1)C(=O)N1CCN(C(=O)c2ccsc2)CC1,1,25.85
Cc1c(CN2CCCC2)ccc(OC(C)C)c1C,1,10.46
COc1cccc(NC(=O)CN(C)Cc2ccc(F)cc2)c1,1,21.81
Cc1cccc(C(=O)N2CCN(C(=O)NCc3cccc(F)c3)CC2)c1,1,14.62
Cc1ccc(CN2CCN(C(=O)c3ccc(C(C)C)cc3)CC2)s1,1,13.86
COc1ccccc1CNC(=O)CNC(=O)c1ccccc1OC,1,15.25
CCc1nc(CN2CCC(NC(=O)c3cccc(C)c3)CC2)c(C)o1,1,11.16
NCc1ccccc1CC(=O)N1CCCCC1,1,14.98
CCN(C(=O)Cc1cccc(F)c1)C1CCN(S(=O)(=O)c2ccc(C(F)(F)F)nc2)C1,1,30.48
CCc1ccc(C(=O)N2CCN(Cc3ccco3)CC2)cc1,1,14.7
Cc1ccc(C(=O)NCc2ccc3c(c2)OCO3)cc1C,1,11.27
Cc1cccc(CCN2CCN(C(=O)NCc3cccc(C)c3)CC2=O)c1,1,21.14
O=C(NCc1ccc(CN2CCCCC2)cc1)c1cccs1,1,13.11
Cc1ccccc1CN(C)C1CCCN(C(C)CO)C1,1,18.36
Cc1nc(C(F)(F)F)ccc1C(=O)N1CCN(C(=O)c2ccccn2)CC1,1,18.28
O=C(NCc1cccc(CN2CCCC2)c1)c1ccco1,1,19.79
Cc1cccc(CN2CCN(C(=O)c3ccc(C)s3)CC2=O)n1,1,23.28
O=C(NCc1ccc2c(c1)CCCC2)c1ccc(F)c(F)c1,1,14.04
c1cc(CNCc2ccc3c(c2)CCC3)ccn1,1,16.92
Cc1ccc(C(=O)N2CCN(C(=O)OC(C)C)CC2)cc1C,1,13.91
Cc1nc(C)c(C(=O)NCCc2ncn3c2CCCC3)s1,1,25.09
COC(=O)Cc1ccc(CN2CCN(C)CC2)cc1,1,17.25
Cc1ccc(O)c(C(=O)NCC2CC3CCN2CC3)c1,1,22.6
CC(C)Oc1ccc(C(=O)N2CCOCC2)cn1,1,14.3
O=C(CNC1CCCC1)N1CCC(c2ccc(F)c(F)c2)CC1,1,17.95
O=C(NCc1ccc(F)cc1)N1CCN(C(=O)c2cnccn2)CC1,1,13.53
CN(C)C(=O)N1CCN(Cc2cccc(CN3CCCCC3)c2)CC1,1,17.32
CC1CCCN1CCc1ccccn1,1,12.7
Cn1ccc(C(=O)NCc2ccc(OC3CCCCC3)cc2)cc1=O,1,19.79
CN1CCC(N(C)C(=O)Cc2ccc(C(F)(F)F)cc2)CC1,1,10.82
CCn1c(C(=O)N2CCC(c3ccccc3Cl)CC2)cc(C(=O)NC)c1C,1,24.26
Cc1ccccc1CN1CCC(CNC(=O)c2sccc2C2CC2)C1,1,21.83
CCc1cccc(CN2CCN(Cc3cccnc3)CC2)n1,1,11.91
Cc1cccc(CC(=O)N2CCN(C(=O)c3cc(C)oc3C)CC2)c1,1,12.51
Cc1nc(C(=O)N2CCN(C(=O)Cc3ccccc3F)CC2)cs1,1,12.64
CN(C)Cc1ccc(C(=O)N2CCC(N3CCCC3)CC2)cc1,1,15.88
COc1cc2c(c(OC)c1OC)CC(NCC(=O)N1CCCC1)CC2,1,21.19
O=C(NNC1CCN(C(=O)Cc2cccc(F)c2)C1)c1cccs1,1,20.79
Cc1ccc(C)c(OCC2CN(C(=O)NCc3ccccc3)CCO2)c1,1,19.23
Cc1ccc(CNC(=O)N2CCOCC2)cc1,1,10.13
COc1ccc(CCNC(=O)N2CCN(C(=O)Cc3ccc(F)cc3)CC2)cc1OC,1,15.94
COc1cccc(CN2CCN(C(=O)c3ccoc3C)CC2)c1,1,14.84
Cc1cc(C(=O)NCC2CCOCC2)sn1,1,23.06
COc1ccccc1CC1C(=O)NCCN1Cc1ccccc1,1,21.0
COc1cccc2c1CCCNC2,1,14.45
Cn1ccc(C(=O)N2CCN(C(=O)NCc3ccc(F)cc3)CC2)cc1=O,1,10.97
CN(Cc1cccs1)C(=O)NCC(=O)N1CCCC1,1,16.07
CC1CN(Cc2ccc(Cl)s2)CCO1,1,20.15
CCc1ccsc1C(=O)N1CCCN(C(=O)c2ccccc2)CC1,1,18.26
Cc1cc(C(=O)N2CCN(C(=O)c3ccoc3C)CC2)c(C)o1,1,12.6
COc1cccc(CC(=O)N2CCN(Cc3ccccc3F)CC2)c1,1,11.09
O=C(c1ccsc1)N1CCN(Cc2cccc(C3CCOCC3)c2)CC1,1,19.93
CCc1ccc(CC)c(CN2CCC(NC(=O)c3cc(C)oc3C)CC2)n1,1,16.74
CN(CCc1ccccc1)Cc1cccc(S(=O)(=O)N2CCCCC2)n1,1,25.4
Cc1ccc(CN2CCN(CCCN3CCCC3)CC2)cc1C,1,16.34
Cc1ccc(CN2CCC(NCc3cccnc3)CC2)s1,1,15.49
O=C(c1ccc(C(F)(F)F)cc1)N1CCN(C(=O)C2CCOCC2)CC1,1,14.27
CCOc1ccc(CN2CCN(C)CC2)cc1OCC,1,14.15
Cc1cc(C)c(CN2CCN(C(=O)NC3CCCC3)CC2=O)cc1CN1CCCC1,1,21.48
NCc1ccc(C(F)(F)F)cc1,1,16.34
O=C(Cc1cccc(F)c1)N1CCN(C(=O)c2ccccn2)CC1,1,12.01
Cn1ccc(C(=O)N2CCN(C(=O)c3ccc(C(F)(F)F)cc3)CC2)c1,1,13.08
Cc1cc(C(=O)NC2CCN(Cc3cccc(F)c3)CC2)cnc1C,1,17.5
CC(=O)N1CCC(NC(=O)NCc2cccc(Cl)c2)C1,1,16.11
CC(=O)N1CCC(NC(=O)c2ccccc2Oc2ccc(C)cc2)CC1,1,22.2
COc1ncccc1CN1CCN(C(=O)Cc2cc(C)cc(C)c2)CC1,1,17.41
c1cc(CN2CCOCC2)cc(-c2ccc(CN3CCCC3)cc2)c1,1,15.04
O=C(NCC1CCNCC1)c1cccc(CCc2cccc(F)c2)c1,1,18.76
CCc1cccc(CN2CCN(CCN3CCC(C)CC3)CC2)n1,1,12.39
COc1cc(C(=O)N2CCN(Cc3nccn3C)CC2)ccc1C,1,17.87
O=C(Cc1ccc(CN2CCOCC2)cc1)N1CCCC1,1,11.81
CCN(C(=O)c1ccccc1Cc1ccccc1)C1CCCC1,1,19.89
COc1ccc(CC(=O)N2CCN(C(=O)CCc3c(C)c4ccccc4oc3=O)CC2)cc1OC,1,24.04
O=C(c1ccccc1OCc1cc(Cl)ccn1)N1CCCC1,1,23.21
O=C(NCc1ccc(F)cc1)N1CCN(C(=O)c2ccc3ccccc3c2)CC1,1,14.43
Cc1cc(C(=O)N(C)CCN2CCCC2)c(C)o1,1,12.1
COC(=O)c1cc(C(=O)N(C)C2CCN(C)CC2)ccc1F,1,22.29
Cc1ccsc1CN1CCC(CNC(=O)c2ccc(F)c(F)c2)CC1,1,20.01
O=C(NCc1ccccc1)NC1CCN(C(=O)CNC(=O)c2cccc(F)c2)C1,1,25.25
CC(NC(=O)CN1CCN(C)CC1)c1ccco1,1,17.36
CCc1ccc(C(=O)NCc2ccc(OC)c(OC)c2)s1,1,19.21
O=C(NCc1ccoc1)C1CCCCN1Cc1ccc(F)cc1,1,20.68
Cc1cc(C(=O)N2CCN(C(=O)c3ccc(C(C)(C)O)cc3)CC2)c(C)o1,1,14.82
Cc1ccc(C)c(CC(=O)N2CCN(C(=O)Cc3ccccc3)CC2)c1,1,12.88
COc1ccc(OCC(=O)N2CCN(C(=O)NCc3cccc(F)c3)CC2)cc1,1,13.67
Cc1ccc(C(=O)N2CCN(C)CC2)cc1CN1CCOCC1,1,16.08
Cc1nc(C(=O)NCc2cccc(N3CCNCC3)n2)co1,1,21.79
COc1cccc(CNC(=O)N2CCN(C(=O)c3ccccn3)CC2)c1,1,16.15
O=C(c1ccccc1)c1ccccc1CN1CCN(Cc2cccnc2)CC1,1,17.05
O=C(c1cccnc1C1CCCCC1)N1CCCC1,1,15.42
Cc1cc(C(=O)N2CCN(CCN3CCCC3)CC2)c(C)s1,1,16.46
Cc1nccc(CNCc2cccc(OC3CCCCC3)c2)n1,1,21.97
c1cc(C2CCCO2)ccc1CN1CCCC1,1,15.8
CCN1CCN(Cc2ccc(C(=O)NCc3ccccc3C)cc2)CC1,1,16.88
Cc1ccc(-c2nc(C)c(C(=O)NC3CCC3)s2)cc1,1,14.41
O=C(c1ccc[nH]c1=O)N1CCN(Cc2cncnc2)CC1,1,23.72
Cc1nc(CNCCn2cc3c(cc2=O)CCC3)oc1C,1,25.28
c1cncc(CN(Cc2ccon2)C2CCCCC2)c1,1,23.73
O=C(Oc1cc(Cl)ccc1Cl)C1CCCN(S(=O)(=O)c2cccc(F)c2)C1,1,31.83
O=C(NCC1CCN(Cc2ccccc2F)C1)c1ccccn1,1,16.07
O=C(c1ccon1)N1CCC(Oc2cccc(Cl)c2)CC1,1,17.58
Cc1scc(C(=O)NNCc2ccc(C(F)(F)F)cc2)c1C,1,21.43
Cn1ccc(-c2ccc(Cl)c(O)c2)cc1=O,1,23.7
CCc1ccc(C(=O)N2CCN(C(=O)Cc3cc(C)ccc3OC)CC2)cc1,1,19.58
Cc1nc(CN2CCN(Cc3cccc(F)c3)CC2)c(C)o1,1,13.19
COc1cc(C(=O)N2CCN(C(=O)c3ccoc3)CC2)ccc1C,1,14.71
O=C(c1cccnc1)N1CCN(Cc2ccc(F)c(F)c2)CC1,1,13.76
O=C(c1ccccc1)N1CCCN(S(=O)(=O)c2ccccc2)CC1,1,18.38
O=C(Cc1cc(F)cc(F)c1)N1CCN(CC(=O)N2CCCC2)CC1,1,14.06
COc1ccc(CNC2CCN(C3CCCC3)CC2)s1,1,15.25
COCc1ccc(C(=O)N2CCN(C(=O)NC3CCCC3)CC2)s1,1,18.09
Cc1ccc(CNC(=O)c2ccc(CN3CCOCC3)cc2)cc1F,1,19.69
Cc1cc(C(=O)N2CCN(C3CCCC3)CC2)c(C)o1,1,13.21
Cc1ccc(CN2CCC(NC(=O)c3ccc(C)c(Cl)c3)C2)s1,1,18.15
Cc1cccc(CNCc2cccs2)c1O,1,19.48
CCOC(=O)N1CCC(NC(=O)c2ccc(CN)cc2OC)CC1,1,23.11
Cc1sncc1C(=O)N1CCC(NC(=O)c2ccc[nH]c2=O)CC1,1,21.4
COc1ccc(CC(=O)N2CCN(C(=O)COCc3ccccc3)CC2)cc1F,1,16.85
CCOc1ccc(S(=O)(=O)N2CCN(C3CCCC3)CC2)cc1C,1,17.74
c1ccc(CN2CCN(Cc3ccc(CN4CCCCC4)o3)CC2)nc1,1,16.74
O=C(c1ccccc1)N1CCC(OC2CCNCC2)CC1,1,21.72
CC(CN1CCC(NC(=O)Cc2ccccc2)C1)c1ccccc1,1,18.33
CC(C)NCC(=O)N1CCN(C(=O)Cc2ccc(C(F)(F)F)cc2)CC1,1,13.0
Cc1ccc(CN2CCC(CNC(=O)c3ccoc3)C2)s1,1,16.28
CN1CCN(C(=S)SCc2ccccc2F)CC1,1,12.96
CN1CCC(NC(=O)c2cc(COc3ccccc3)on2)C1,1,17.53
COc1ccc(Cc2ccc(F)c(C(=O)NC3CCN(C)CC3)c2)cc1C,1,15.78
COc1ccccc1CNC(=O)NCc1ccc(F)cc1,1,13.58
O=C(OCc1cc(F)ccc1F)N1CCC(F)(F)CC1,1,19.9
Cc1ccccc1OCC(=O)NCc1ccc2c(c1)CCCO2,1,16.93
COc1ncccc1CN1Cc2cccnc2C1,1,21.35
CC(C)CN1CCN(C(=O)CN2CCN(C(=O)C3CCC3)CC2)CC1,1,18.39
CCCc1cc(C)nc(C)c1C(=O)NCC1CCN(C(=O)c2ccccc2)C1,1,24.39
COC(=O)c1cccc(CN2CCC(NC(=O)c3ccc(C)c(C)c3)C2)c1O,1,24.7
Cc1cccc(CCN2CCCC(N(C)C(=O)c3cccc(C)c3)C2)c1,1,25.36
Cc1sncc1C(=O)N1CCN(C(=O)NCc2ccc(F)cc2)C1,1,15.58
O=C(NC1CCCN(CCc2cccc(F)c2)C1)c1cccc(F)c1,1,18.31
O=C(NCc1cccc(F)c1)N1CCN(C(=O)NCc2ccccc2F)CC1,1,14.91
CC(C)N1CCN(C(=O)CNC(=O)c2cc(Cl)cc(Cl)c2)CC1,1,12.83
Cc1nc(CN2CCC(N(C)C3CCC3)C2)oc1C,1,15.44
CCC(C)N1CCN(C(=O)c2ccc(C(=O)NC3CCCCC3)cc2)CC1,1,15.65
Cc1cccc(CNC(=O)N2CCN(C(=O)c3cccc(F)c3)CC2)c1,1,14.48
O=C(CNC(=O)c1cccc(Br)c1)NC1CCCCC1,1,13.64
O=C(NCc1cccc(F)c1)N1CCc2sccc2C1,1,11.63
CCOc1ccccc1CNC(=O)c1ccc2c(c1)CCCC2,1,16.3
Cc1ccc(C(=O)N2CCN(C(=O)c3ccccc3F)CC2)o1,1,16.05
Cc1ccc(CC(=O)N(C)CCN2CCCC2)cc1F,1,10.91
O=C(c1ccccc1)N1CCN(Cc2cccc(CN3CCOCC3)c2)CC1,1,12.63
Cc1nc(C)c(C(=O)NCC2CCN(Cc3cccc(CN4CCCCC4)c3)CC2)s1,1,22.99
Cc1cnc(C(=O)N2CCN(C(=O)c3ccc(C(C)C)cc3)CC2)cn1,1,17.23
CN(C)C(=O)N1CCN(C(=O)Cc2cccc(C(F)(F)F)c2)CC1,1,14.1
O=C(NCc1cccc(F)c1)NC1CCCCC1,1,10.17
Cc1ccc(C(=O)N2CCN(C(=O)NCc3cccc(F)c3)CC2)o1,1,14.23
CN(C)C(=O)N1CCN(C(=O)CNC(=O)c2ccccn2)CC1,1,16.76
CC(C)c1nc(CN2CCN(Cc3ccc(F)cc3)CC2)no1,1,12.9
CN(C)Cc1ccc(CNC(=O)c2cccc(CN3CCOCC3)c2)cc1,1,15.77
COc1ccc(CNC(=O)N2CCN(C3CCCC3)CC2)cc1,1,16.94
O=C(Cc1ccc(C(F)(F)F)cc1)N1CCN(C(=O)c2cnccn2)CC1,1,14.05
NC(=O)N1CCN(C(=O)Cc2ccccc2C(F)(F)F)CC1,1,13.78
COc1c(C)cccc1C(=O)N1CCN(C(=O)NCc2cccc(F)c2)CC1,1,12.82
O=C(NCc1ccc(N2CCNCC2)cc1)c1cnccn1,1,17.29
O=C(CN1CCCC1)NCc1ccccc1F,1,10.45
O=C(c1cccs1)N1CCN(Cc2cccc(CN3CCCC3)c2)CC1,1,14.34
CN1CCN(C(=O)NCc2ccc(F)cc2)C1,1,11.99
COc1ccc(CCNC(=O)c2ccc(OC)c(OC)c2)cc1,1,18.87
O=C(NCC1CCCCC1)N1CCN(Cc2cccc(F)c2)CC1,1,14.14
CCc1nc(CN2CCC(NC(=O)c3cc(C)oc3C)CC2)c(C)o1,1,10.48
Cc1nc(CN2CCN(Cc3ccccc3C)CC2)co1,1,13.14
O=C(NC1CCCCC1)N1CCN(Cc2cccc(CN3CCCC3)c2)CC1,1,13.94
Cc1cc(C(=O)NCC2CCN(CCc3ccccc3Cl)C2)c(C)o1,1,15.06
COc1ccc(CN(C)Cc2ccc(C3CCCCC3)cc2)cn1,1,18.26
COc1ccc(CNC(=O)c2c(C)noc2C)cc1F,1,20.52
COc1ccc(CC(=O)N(CCN(C)C)C2CCCCC2)cc1,1,19.02
O=C(NCCc1ccsc1)c1cccc2c1OCCO2,1,17.97
COc1ccccc1CC(=O)NC1CCCc2cccnc21,1,18.71
O=C(CCc1ccc(F)cc1)N1CCCC1,1,12.76
c1ccc(Cn2cccc2)c(CN2CCCC2)c1,1,12.53
Cc1cccc(NCc2cccc3c2CCCC3)c1C,1,17.58
O=C(NCc1cc(F)cc(F)c1)c1cccc2c1CCN(C1CCCC1)C2,1,15.7
O=C(NC1CCN(C(=O)Cc2ccc(F)cc2)CC1)c1ccc(F)c(Cl)c1,1,16.34
Cc1cc(=NC2CCN(C(=O)c3cccnc3)C2)[nH]c(C)n1,1,22.41
CN1CCN(C(=O)C2CCCN2C(=O)CCc2ccccc2)CC1,1,14.67
Fc1cccc(Oc2ccnc(CN3CCOCC3)c2)c1,1,17.16
CCC(C)N1CCN(C2CCN(CCc3ccc(OC)cc3)C2)CC1,1,25.77
Cc1cc(C(=O)N2CCN(C(=O)c3cnsn3)CC2)c(C)o1,1,17.87
COc1cc(CN2CCC(C(=O)N3CCN(C4CCCCC4)CC3)CC2)ccc1F,1,19.41
Cc1ccc(C)c(CN2CCN(C(=O)Cc3ccccc3)CC2)c1,1,13.3
O=C(C1CCCN1C(=O)Cc1ccc(F)cc1)N1CCCC1,1,12.85
Cc1cccc(OCC(=O)N2CCN(C(=O)NCc3ccc(F)cc3)CC2)c1,1,13.89
Cc1cccc(CCC(=O)NCc2ccc(Cl)s2)c1,1,16.06
O=S(=O)(c1cccc(Cl)c1F)N1CCCC1CN1CCOCC1,1,21.42
O=C(Cc1ccc(C(F)(F)F)cc1)N1CCN(C(=O)N2CCCC2)CC1,1,10.65
O=C(CCc1cccc(O)c1)N1CCCN(CC2CCCCC2)CC1,1,21.76
COc1cccc(CNC(=O)N2CCCN(Cc3ccnc(C(F)(F)F)c3)CC2)c1,1,23.66
Cc1ccsc1CN1CCC(NCc2ccccc2Cl)C1,1,20.09
CN(C)Cc1ccc(CN2CCCC2Cn2cccc2)s1,1,18.37
CN1CCN(c2cc(CNC3CCCC3)ccn2)CC1,1,14.2
COc1cccc(C(=O)NCC2CCCO2)c1,1,15.65
Cc1ccc(C(=O)NCc2ccc(F)cc2)cc1C(=O)N1CCN(C(=O)c2ccco2)CC1,1,19.99
CCc1nc(CC)c(C(=O)N2CCN(Cc3cc(C)on3)CC2)cc1C,1,14.41
CC1CN(C(=O)Cc2ccc(F)cc2)CCN1C(=O)c1cccs1,1,18.02
Cc1cccc(C(=O)NCC(=O)NCc2cccs2)c1,1,15.09
c1cncc(COC2CCN(Cc3ncc[nH]3)C2)c1,1,17.61
Cc1cc(CN2CCN(C(=O)c3cc(C)oc3C)CC2)no1,1,9.51
Cc1coc(CN(C)C2CCCN(Cc3ccc(C)o3)C2)n1,1,20.71
CC(C)Cc1[nH]ccc1C(=O)NC1CCCCC1,1,13.18
Cc1ccc(CN2CCCC(CNC(=O)c3cccc(Cl)c3)C2)s1,1,17.6
Cc1nc(=O)cc(CN2CCCC2COCc2ccccc2)[nH]1,1,14.83
Cc1cccc(C(=O)NC2CCN(Cc3cccc(F)c3)CC2)c1,1,14.44
O=C(CCc1ccc(F)cc1)N1CCN(C(=O)NCc2ccc(F)cc2)CC1,1,15.81
Cc1ccc(CNC(=O)CN2CCN(C(=O)c3ccsc3)CC2)cc1,1,15.82
Cc1ccccc1CNCc1ccc(CN2CCOCC2)cc1,1,13.73
Cc1oc(COc2ccc(F)cc2)cc1C(=O)NC1CCCCC1,1,13.64
O=C(Cc1ccccc1)N1CCC(COc2ccccn2)C1,1,15.86
O=C(COc1ccccc1)N1CCN(C(=O)Cc2cc(F)cc(F)c2)CC1,1,15.04
O=C(NCc1ccccc1)N(Cc1ccccc1)Cc1ccccc1F,1,22.62
Cc1ccc(CNC(=O)c2ccc(-c3cccs3)nc2C)o1,1,16.84
O=C(CCc1ccccc1)N1CCN(Cc2cccc(F)c2F)CC1,1,20.16
O=C(c1cc(Cl)ccc1Oc1cccc(F)c1)N1CCCCC1,1,19.0
COc1cc(C)c(C)c(C(=O)N2CCN(C(=O)CCc3ccccc3)CC2)c1OC,1,19.21
Cc1cc(C)c(CN2CCC(NC(=O)CCNC(=O)c3ccc(F)cc3)CC2)c(C)c1C,1,19.63
COc1ccc(C2CCN(Cc3ccc(OC)c(C)c3C)CC2)cc1,1,17.31
Cc1cc(C(=O)N2CCC(C(=O)N3CCN(C)C3)CC2)c(C)o1,1,16.2
CN(CCN1CCCC1)Cc1cccc(F)c1,1,11.63
CC(C)Cc1cccc(CN2CCCC2)n1,1,10.1
O=C(COc1cccc(F)c1)N1CCN(Cc2cccc(F)c2)CC1,1,16.21
O=C(COc1ccc(CN2CCCC2)cc1)N1CCCC1,1,13.06
COc1ccc(CC2CCCN2C(=O)CNC(=O)CN2CCCC2)cc1,1,19.99
Cc1ccc(CNC(=O)NCc2ccc3c(c2)CCCC3)cc1,1,12.07
Cc1c(OCC2CCNCC2)ccc(C(=O)N2CCN(C(=O)OC(C)(C)C)CC2)c1C,1,16.53
CN(Cc1ccco1)Cc1ccc2n1CN(C(=O)c1cccc(Cl)c1Cl)CC2,1,28.34
COc1cccc(CNC(=O)c2cccc(C3CCCCC3)c2)c1,1,20.61
CCc1nc(-c2cccc(C)c2)ccc1C(=O)NC1CCN(C)CC1,1,10.84
Cc1cccc(C(=O)N2CCN(C(=O)Cc3cccc(F)c3)CC2)c1C,1,10.9
CN1CCN(Cc2cccc(C(=O)N3CCCCC3)c2)CC1,1,11.73
CC(C)c1cccc(CN2CCN(CC3CCC3)CC2)n1,1,14.2
NC(=O)c1cc(S(=O)(=O)N2CCN(C(=O)c3cccc(F)c3)CC2)cs1,1,21.22
COc1cccc(CN(C)Cc2cc(C)c(OC)c(C)c2)c1OC,1,20.04
COc1cc(C(=O)N2CCN(C(=O)c3ccccc3)CC2)cc(OC)c1OC,1,13.93
Fc1cccc(CNCC2CCN(CCCc3ccccc3)C2)c1,1,16.81
O=C(CN1CCCC(C(=O)NC2CCCCC2)C1)c1ccco1,1,20.81
COc1ccc(CN2CCN(C(=O)NCc3cccc(C)c3)CC2)cc1,1,16.72
O=C1N(CCN2CCCC2)CCN1Cc1ccc(F)cc1,1,16.14
COc1cccc(CNC(=O)N2CCN(C(=O)c3cccc(F)c3)CC2)c1,1,15.31
Cc1ccc(CN2CCN(C(=O)c3ccc(CN4CCCCC4)o3)CC2)o1,1,21.11
CNC(=O)c1ccnc(CN2CCCC(CO)C2)c1,1,31.47
O=C(NCc1ccc(Cl)cc1)N1CCN(C2CCCC2)C1,1,11.58
Cc1ccc(C(=O)N2CCN(CCN3CCCCC3)CC2)cc1C,1,14.25
CCN1CCC(NC(=O)C2CCc3c(Br)cccc32)CC1,1,21.08
COc1ccccc1CNC(=O)C1CCCN(Cc2cccc(C(F)(F)F)c2)C1,1,15.73
COc1cc(C(=O)N2CCN(Cc3cnccc3C)CC2)ccc1C,1,17.47
Cc1ccsc1C(=O)N1CCN(C(=O)CCN2CCN(C(C)(C)C)CC2)CC1,1,20.03
O=C(NCc1ccc(C(=O)N2CCOCC2)cc1)c1ccco1,1,19.03
Cc1occc1C(=O)N1CCN(C(=O)N2CCN(C)CC2)CC1,1,17.19
Cc1nc(C(=O)N2CCN(C(=O)Cc3ccc(Cl)c(Cl)c3)CC2)cc(C(C)C)n1,1,18.99
O=C(Cc1ccccc1)N1CCN(C(=O)Cc2ccccc2F)CC1,1,9.34
O=C(CNCc1cccc(F)c1)N1CCCC(Cc2ccccc2)C1,1,18.29
Cn1cccc1COc1ccc(CNC2CCC2)cc1,1,20.02
CCOc1cccc(CNC(=O)CCN2CCCC2)c1,1,15.78
O=C(NC1CCCCCC1)c1ccccc1CCc1ccccc1,1,13.44
Cc1cc(CN2CCC(CNC(=O)c3ccoc3)C2)co1,1,18.97
O=C(c1ccccc1CN1CCOCC1)N1CCN(Cc2ccc(Cl)cc2)CC1,1,18.26
COCCc1nccc(CN2CCOCC2)n1,1,14.05
CC(C)(C)c1ccc(CC(=O)N2CCOC(c3ccccc3)C2)cc1,1,19.92
CC(C)(C)NC(=O)N1CCN(C(=O)Cc2cc(F)cc(F)c2)CC1,1,15.28
CCNc1ccccc1C(=O)NC1CCN(C)CC1,1,19.39
COc1ncccc1CN1CCC(NCc2cccc(C(C)(C)C)c2)C1,1,20.12
O=C(NCCc1ccccc1)C(=O)NCc1cccc(Br)c1,1,20.51
Cc1nc(-c2cccs2)sc1C(=O)NC1CCNCC1,1,13.59
CCCn1ccc(C(=O)NCC2CCN(CCc3ccccc3F)C2)c1C,1,19.43
CCN1CCN(C(=O)c2ccccc2Oc2ccccc2Cc2ccccc2)CC1,1,22.87
CN1CCN(C2CCN(S(=O)(=O)c3cn(C)cn3)CC2)CC1,1,16.32
Cc1cc(C)c(CNC(=O)N2CCCN(C)CC2)c(=O)[nH]1,1,16.59
CN(C(=O)C1CCCN(C(=O)Cc2ccccc2)C1)C1CCCCC1,1,15.64
CN1CCN(C(=O)NC2CCN(S(=O)(=O)c3ccc(Cl)cc3)CC2)CC1,1,16.34
O=C(Cc1cccc(C(F)(F)F)c1)NC1CCN(C(=O)Cc2ccccc2F)CC1,1,14.6
COc1cccc(CN2CCN(Cc3ccc(OC)c(OC)c3)CC2)c1,1,14.06
Cc1cc(C(=O)N2CCN(C(=O)Cc3ccc(F)cc3)CC2)c(C)o1,1,9.84
CCOc1ccc(CNC(=O)COc2ccccc2C)cc1,1,16.78
COc1ccccc1C(=O)OC1CCN(Cc2ccncc2)CC1,1,22.5
Cc1ccsc1C(=O)N1CCN(C(=O)CCNC(=O)c2c(Cl)cccc2Cl)CC1,1,19.81
Cc1cn(CC(=O)N(Cc2ccccc2F)C2CCCCC2)cnc1=O,1,24.41
CCN(Cc1ccon1)C1CCN(Cc2cccnc2)CC1,1,21.43
O=C(C1CCCN1C(=O)Cc1ccccc1Cl)N1CCCCC1,1,18.43
Cc1csc(CN2CCCC(NC(=O)c3ccc(C(F)(F)F)cc3)C2)c1,1,14.85
COc1ccccc1CNC(=O)C1CCCN1Cc1ccc(C)c(C)c1,1,19.1
Cc1ccc(CC(=O)NC2CCC2)cc1F,1,12.86
O=C(Cc1ccc(F)cc1)N1CCN(C(=O)NCc2cccc(F)c2)CC1,1,8.6
CCc1c(C(=O)NC2CCCNC2)ccnc1-c1ccccc1,1,15.76
O=C(NCC1CC2CCN(C2)C1)c1ncccc1F,1,22.65
c1cc(CN2CCCC2)no1,1,13.69
CCOc1ccccc1C(=O)N1CCN(Cc2ccccc2)CC1,1,17.28
Cc1noc(C)c1C(=O)N1CCN(C(=O)NCc2ccc(F)cc2)CC1,1,12.43
Cc1cccc(CN2CCN(C(=O)Cc3ccc(F)c(F)c3)CC2)n1,1,10.69
Cc1ccc(C(=O)NCC2CCN(C(=O)C3CCCCC3)C2)o1,1,18.23
Cc1cccc(CNC(=O)N2CCOCC2)c1,1,10.99
CC(NC(=O)C1CCOCC1)c1ccc(C(=O)NC2CCC2)cc1,1,18.79
Cc1[nH]c(C(F)(F)F)cc1C(=O)Nc1cccc(CN)c1,1,27.63
CN1CCC(NC(=O)NCCc2ccc(Cl)cc2)CC1,1,11.17
COc1cc(CN2CCC(NC(=O)c3cncc(C)c3)C2)ccc1F,1,16.42
CN1CCN(C2CCN(C(=O)C3CCCN3)CC2)CC1,1,18.39
c1cncc(CNCC2CCc3ccccc3C2)c1,1,15.82
CN1CCC(N(Cc2ccccc2)C(=O)c2cccc(F)c2)CC1,1,15.8
CC1(O)CCN(Cc2ccc(C(=O)NCC3CCCC3)s2)CC1,1,20.52
O=C1CCCN1CCSc1ccc(Cl)cc1,1,18.78
COc1cc(C(=O)NCC2CCCC2O)ccc1C,1,20.55
CCc1nc(-c2ccc(OC)c(OC)c2)sc1C(=O)NC1CCN(C)CC1,1,14.33
O=C(NCc1cccc(F)c1)N1CCc2ccc(N3CCCCC3)nc2C1,1,18.86
Cc1cc(C(=O)NCCCN2CCOCC2)ccc1C(C)C,1,20.89
Cc1csc(CN2CCN(Cc3nc(C)c(C)o3)CC2)n1,1,14.28
CCn1c2c(ccc1=O)CN(C(=O)N1CCOCC1)CC2,1,20.72
Cc1cc(C(=O)NC2CCCC2)c(C)n1C(C)C,1,13.04
COc1cc(C(=O)NC2CCN(Cc3cccc(C)c3)C2)cc(OC)c1OC,1,15.01
Cn1ccnc1CN1CCN(C(=O)c2ccsc2)CC1,1,17.03
O=C(NCc1ccc(F)cc1)N1CCCC1,1,8.81
O=C(CCc1ccccc1)N1CCN(C(=O)CSc2ccc(Cl)cc2)CC1,1,19.79
O=C(NCc1cccc(F)c1)N1CCN(C(=O)c2cccc(F)c2)CC1,1,10.68
Cc1ncccc1C(=O)N1CCN(C(=O)Cc2ccc(F)cc2)CC1,1,16.2
O=C(NCC1CCN(C(=O)Cc2ccccc2)C1)OCc1ccccc1,1,16.23
CN(C(=O)Cc1cccc(C(F)(F)F)c1)C1CCN(CCc2ccccc2)C1,1,21.52
Cc1c(CN2CCCC(C(=O)N3CCCC3)C2)cccc1C(F)(F)F,1,20.29
O=C(NCc1ccc(F)cc1)C1CN2CCC1CC2,1,16.2
CN1CCC(NC(=O)c2ccccc2OCc2cccc(F)c2)CC1,1,12.11
CCN(C(=O)NC(C)CNC(=O)c1cccc(Cl)c1)C1CCCCC1,1,21.37
Cc1cccc(CC(=O)N2CCOC(C)C2)c1,1,12.21
Cc1nc(-c2ccc(O)c(F)c2)ccc1C(=O)NC1CCN(C)C1,1,21.19
COc1cccc(CNC2CCN(Cc3ccc(C)s3)CC2)c1,1,12.88
O=C(NC1CCN(CC(=O)N2CCCC2)CC1)c1ccc(F)c(Cl)c1,1,15.95
CN(C)CCOc1cnc2c(c1)CCN(Cc1cccs1)C2,1,22.18
CN(C)C1CCCN(C(=O)Cc2cccc(F)c2)C1,1,13.08
COc1ccc2c(c1)CC(CNCc1cc(OC)c(OC)c(OC)c1)CO2,1,20.72
COc1ccccc1CC(=O)N1CCC(N2CCCC2)CC1,1,14.04
CC(C)c1ccc(OCC(O)CN2CCN(C(=O)OCc3ccccc3)CC2)cc1,1,23.29
CN1CCN(Cc2cccc(CN3CCN(Cc4cccc(F)c4)CC3)c2)CC1,1,12.67
COc1cccc(COc2c3c(n(C)c2C)CCNC3)c1,1,26.98
Cc1ccc(C(=O)NCc2ccc(F)cc2)cc1C(=O)NCC(=O)NC1CCCC1,1,19.09
O=C(Cc1ccccc1F)N1CCCCC1,1,10.52
CN(C(=O)Cc1cccc(C(F)(F)F)c1)C1CCCCC1,1,13.01
Cc1cccc(CN2CCC(NC(=O)c3cnc(C)c(C)c3)CC2)n1,1,9.99
CCc1ccc(-c2ccc(C(=O)N3CCN(C)CC3)c(C)n2)cc1,1,15.5
O=C(NCc1ccc(CN2CCCC2)cc1)N1CCCC1,1,11.44
Cc1ccc(OCCC(=O)N2CCOCC2)cc1C,1,14.13
c1ccc(Cc2noc(CN3CCCC3)n2)cc1,1,11.22
Cc1cc(=NC(=O)CN2CCC(N3CCCCC3)C2)o[nH]1,1,18.36
O=C(NC1CCCCC1)c1ccc(C(F)(F)F)cc1,1,11.03
Cc1cc(C)cc(OCCNC(=O)c2cc(C)oc2C)c1,1,17.37
Cc1ccccc1C(=O)N1CCN(C(=O)NCc2ccccc2F)CC1,1,12.25
Cc1cccc(CN2CCC(NC(=O)CCc3ccco3)CC2)n1,1,12.37
O=C(CNNC(=O)c1ccc(F)cc1)c1ccc(S(=O)(=O)N2CCCCC2)cc1,1,23.31
Cc1ccc(C(=O)N2CCN(C(=O)COc3ccccc3C)CC2)s1,1,14.64
O=C(NCc1ccccc1CN1CCCCC1)c1cccc(F)c1,1,15.12
COc1cc(CNC(=O)N2CCN(C(=O)COc3cccc(F)c3)CC2)ccc1F,1,24.84
Cc1cc(C(=O)NCc2ccc(S(=O)(=O)N3CCCCC3)cc2)ccn1,1,17.08
Cc1ccc(CN2CCN(CCCN3CCCCC3)CC2)cn1,1,17.06
COC(=O)N1CCN(C(=O)c2ccc(F)c(Cc3ccccc3)c2)CC1,1,18.55
O=C(NCCc1cccc(CN2CCCC2)n1)c1ccccc1O,1,16.34
O=C(CN1CCCC1)Nc1cccc(CNC(=O)NC2CCCCC2)c1,1,22.01
COc1cccc(C(=O)N2CCCC(C(=O)NCc3ccccc3C)C2)c1C,1,17.65
COc1ccc(CN2CCN(C(=O)CNC(=O)c3ccccc3F)CC2)cc1OC,1,16.87
CN1CCN(C2CCN(C(=O)c3ccccc3)CC2)CC1,1,11.55
c1cc(CN2CCCC2)ccc1COCc1cn2c(n1)CCCCC2,1,21.4
Cc1ccccc1Cc1nc(CN2CCCC2)co1,1,13.81
N#Cc1ccc(C(=O)N2CCN(C(=O)NCc3ccc(F)cc3)CC2)cc1,1,14.89
CC(C)c1ccc(C(=O)N2CCN(C(=O)NCc3cccc(F)c3)CC2)cc1,1,10.57
CN1CCC(N2CCN(C(=O)Cc3ccc(Cl)c(Cl)c3)CC2(F)F)C1,1,18.96
O=C(Cc1ccc(Cl)c(Cl)c1)NC1CCN(CCc2cccc(F)c2)CC1,1,15.18
COc1cccc(C(=O)N2CCN(C(=O)N3CCOCC3)CC2)c1C,1,14.7
CCc1c(CN2CCCC2)cccc1C(=O)NC1CCN(C)CC1,1,13.57
O=C(NCc1ccco1)N1CCN(S(=O)(=O)c2ccc(Br)cc2)CC1,1,22.6
Cc1nnc(C(=O)NCc2c(C)sc3c2CCCC3)o1,1,22.97
CC(=O)N1CCN(C(=S)NCc2ccccc2F)CC1,1,16.1
COc1ccc(Cn2c(C(=O)N3CCOCC3)cc3ccccc32)cc1,1,18.98
Cn1cc(CN2CCC(C(=O)NCc3ccccc3Cl)C2)c2ccccc21,1,19.59
O=C(Cc1cccc(F)c1)N1CCN(C(=O)C2CCCO2)CC1,1,15.67
Cc1ccc(OCC2CCCN(C(=O)CCc3ccccc3)C2)cn1,1,18.52
Cc1ccc2c(c1)Cc1ccccc1C(CCN1CCN(C)CC1)S2(=O)=O,1,27.18
CC(C)(C)OC(=O)N1CCCC1Cc1cccc(C(N)=O)c1,1,26.15
CN(CCN1CCOCC1)C(=O)c1ccccc1,1,15.66
COc1ccccc1CNC(=O)N1CCN(C(C)=O)CC1,1,12.26
Cc1ccc(Cl)c(C(=O)N2CCN(C(=O)N(C)C)CC2)c1,1,16.3
Cc1nc(C)c(C(=O)NC2CCC(N3CCOCC3)CC2)s1,1,17.52
Cc1nc(C(=O)N2CCN(C(=O)c3ccc(C)s3)CC2)c(C(C)C)o1,1,18.77
Cc1cnc(CN2CCC(NCc3ccc(C)c(C)c3)CC2)cn1,1,13.88
O=C(Cc1ccc(Cl)c(Cl)c1)N1CCCC1,1,11.61
CCC1CCCN(C(=O)NCc2ccccc2Cl)C1,1,17.26
Cc1ccc(CN(C(=O)COc2ccc(C(C)C)cc2)C2CCCCC2)cc1,1,22.18
c1cncc(CN2CCN(CCN3CCCC3)CC2)c1,1,13.54
Cc1ccc(C(=O)N2CCN(C(=O)Cc3cccc(F)c3)CC2)cn1,1,10.46
CN(C)C(=O)N1CCN(C(=O)c2ccccc2)CC1,1,13.71
O=C(c1csc(Cl)c1)N1CCN(Cc2ccco2)CC1,1,15.74
Cc1nc(C)c(C(=O)N2CCN(C(C)C)CC2)o1,1,20.51
CN1CCC(N(C)CCOc2cccc(Cl)c2)CC1,1,15.2
CC1CCCN1Cc1cccc(C(=O)N2CCOCC2)c1,1,10.98
Cc1ccc(C(=O)NC2CCN(C(=O)CN3CCCC3)CC2)cc1NC(=O)c1ccc[nH]c1=N,1,27.4
Cc1cc(CN2CCN(Cc3cccc(CN4CCCCC4)c3)CC2)no1,1,14.6
Cc1ccc(N2CCN(C(=O)Cc3ccccc3F)CC2)nc1,1,14.1
O=C(NC1CCCc2ccccc21)c1cccc(F)c1,1,14.98
CC(C)(C)c1ccc(S(=O)(=O)N2CCN(C(=O)Cc3cccc(F)c3)CC2)cc1,1,15.22
CN1CCN(C(=O)c2ccc(CN3CCCC3)cc2)CC1,1,11.82
Cc1ccc(CNC(=O)CNC(=O)c2ccc(C(F)(F)F)cc2)cc1,1,16.08
CN1CCN(Cc2ccc(CN3CCN(Cc4cccc(F)c4)CC3)cc2)CC1,1,16.15
Cc1cc(=NCCCCNC(=O)c2ccc(C)c(C)c2)c2c([nH]1)CCCC2,1,18.7
CCCN1CCN(C(=O)NCc2ccccn2)CC1,1,18.55
Cc1ccc(C(=O)NCC(=O)N(C)Cc2ccccc2)cc1C,1,19.12
CN(C)Cc1ccc(CC(=O)NCC(O)c2ccccc2)cc1,1,20.07
Cc1ccoc1C(=O)N1CCN(C(=O)Cc2ccc(F)cc2)CC1,1,12.3
Cc1[nH]c(-c2ccccn2)cc(=NCCC2CCNCC2)c1Cl,1,22.96
COc1cccc(CC(=O)N2CCN(CC3CCCC3)CC2)c1,1,14.54
O=C(NCc1ccc(Cl)cc1Cl)C1CCCCN1Cc1ccccc1Cl,1,16.62
O=C(CNC(=O)c1cccc(Cl)c1F)NC1CCN(Cc2cccnc2)C1,1,17.01
COc1ccccc1OCCN1CCC(c2nc3ccc(Br)cc3o2)CC1,1,28.29
Cc1ccc(CC(=O)N2CCN(C(=O)N(C)C)CC2)cc1F,1,13.38
COCc1ccc(C(=O)NCC2CCN(C(=O)Cc3ccccc3F)C2)o1,1,18.44
CC(C)OC(=O)N1CCN(C(=O)NCc2ccc(F)cc2)CC1,1,12.37
COC(=O)c1c(C)cc(C)nc1SCC(=O)N1CCN(C)CC1,1,17.56
COc1cc(C(=O)N2CCN(C(=O)Cc3cc(C)cc(C)c3)CC2)cc(C)c1C,1,16.44
Cc1ccc(CC(=O)N2CCC(n3ccnc3C(C)C)CC2)s1,1,21.1
COc1cccc(CC(=O)N2CCCN(C(=O)c3ccc(F)c(C)c3)CC2)c1,1,16.95
CCc1ccc(C(=O)NCc2cc(CN3CCCC3)ccn2)c(C)n1,1,20.96
Cc1c(F)cccc1CNC(=O)N1CCCC1,1,16.4
O=C(Cc1ccc(F)cc1)N1CCN(Cc2ccco2)CC1,1,10.57
COc1cc(C(=O)N2CCN(Cc3cccc(C(F)(F)F)c3)CC2)ccn1,1,14.75
COc1cccc(CC(=O)N2CCN(Cc3cccc(C)n3)CC2)c1,1,10.35
Cc1cccc(C(=O)N2CCN(C(=O)c3cccnc3)CC2)c1C,1,13.67
O=C(c1ccc(C(F)(F)F)cc1)N1CCN(C(=O)N2CCCC2)CC1,1,12.04
Cc1cc(C(=O)N2CCN(C(=O)Cc3cccc(F)c3)CC2)c(C)o1,1,10.06
Cc1cccnc1C(=O)N1CCN(C(=O)NCc2ccc(Cl)s2)CC1,1,16.16
Cc1cc(C(=O)N2CCN(C(=O)c3ccccc3)CC2)c(C)o1,1,13.5
O=C(NCc1cccc(F)c1)N1CCN(C(=O)c2ccc[nH]c2=O)CC1,1,15.32
COc1cccc(CC(=O)NCc2cccc3c2CCCC3)c1,1,10.51
COc1cccc(CN2CCN(C(=O)NCc3ccc(C(F)(F)F)cc3)CC2)c1,1,22.15
COc1ccc(C(=O)NC2CCN(C(=O)c3ccc(C)c(C)c3)CC2)c(OC)c1,1,16.11
CNC(=O)C1CN(c2ncccn2)CC2CCCC21,1,24.07
CC(O)c1nccc(N2CCN(Cc3cccs3)CC2)n1,1,18.32
Cc1csc(CN2CCC(C(=O)N3CCOCC3)CC2)n1,1,17.47
COc1ccc(CNC2CCN(Cc3cc(C)on3)CC2)cc1OC,1,14.76
O=C(NCC1COc2ccccc2O1)c1cccs1,1,14.51
c1coc(CN2CCCOCC2)c1,1,15.39
Cc1ncc(C(=O)N2CCN(Cc3ccsc3)CC2)c(C)n1,1,17.17
CN1CC(CCc2ccc(Cl)c(Cl)c2)CNC1=O,1,25.13
COc1ccc(CCNC(=O)N2CCCC2)cc1,1,11.56
O=C(C1CCN(Cc2ccc(F)cc2F)CC1)N1CCCC1,1,17.4
Cc1cc(C(=O)N2CCCC(C(=O)NCc3ccccn3)C2)ccc1F,1,19.13
Cc1ccc(C(=O)NCC(=O)NC2CCCc3ccccc32)cc1Br,1,20.65
Cc1cc(Cl)cc(C(=O)NCC(=O)N2CCCC2)c1,1,10.64
O=C(CNCc1cccc(F)c1)NCc1ccccc1,1,18.79
COc1cccc(CC(=O)N(CC(C)C)C2CCN(C)CC2)c1,1,17.94
c1ccc(-c2nc(CN3CCN(Cc4cccs4)CC3)co2)cc1,1,18.98
Cc1ccc(CNC(=O)CN2CCCC2)cc1C,1,11.46
COc1cccc(C(=O)N2CCN(Cc3ccco3)CC2)c1,1,16.31
O=C(NCCc1cc2c(s1)CCCC2)NCc1ccccc1F,1,18.94
Cc1cccc(C(C)NC(=O)NC2CCCCC2)c1,1,12.29
COc1cccc(C(=O)N2CCC(OC3CCCC3)CC2)c1C,1,13.76
Cc1ccccc1C(=O)NCCC(=O)NC1CCN(Cc2ccccc2)CC1,1,16.77
CCCn1cc(C(=O)N2CCN(Cc3ccc(C(F)(F)F)cc3)CC2)cc1C,1,23.29
Cc1nc(C(F)(F)F)ccc1C(=O)N1CCN(Cc2cccs2)CC1,1,14.56
CN1CCC(NC(=O)c2cc(Cc3cccc(F)c3)ccc2F)CC1,1,11.77
Cc1noc(C2CCCN2C(=O)Cc2ccccc2F)n1,1,22.84
CN(C)C(=O)N1CCN(CC2CCN(C3CCCCC3)CC2)CC1,1,19.15
CC(NC1CCN(Cc2ccc(Cl)s2)CC1)c1ccccc1,1,16.43
Cc1nc(C(=O)NCc2ccc(N3CCN(C)CC3)cc2)sc1C,1,19.27
COc1ccccc1CN1CCN(C(=O)CNC2CCCC2)CC1,1,18.69
COc1ccc(S(=O)(=O)N2CCN(C(=O)N(C)C)CC2)cc1,1,17.5
Cc1ccncc1CN1CCN(CCc2ccncc2)CC1,1,19.78
Cc1ccccc1Cn1c(C)cc(C(=O)NC2CCCC2)c1C,1,15.84
CONC(=O)N1CCN(C(=O)c2cccc(OC)c2C)CC1,1,20.22
Cc1ncsc1CNCC1CCN(Cc2nc(C(C)C)cs2)C1,1,20.63
COc1cc(C(=O)N2CCN(C(=O)NCc3ccc(Cl)cc3)C2)ccc1C,1,13.68
O=C(CNC(=O)c1cccnc1)NCc1cccc(Cl)c1,1,14.8
COc1ccc(CCN2CCC(NC(=O)N(C)C)CC2)cc1,1,13.51
CCOc1cccc(CN2CCN(C(=O)Cc3ccc(C(=O)O)cc3)CC2)c1,1,20.5
Cc1cc(C(=O)N2CCN(C(=O)CCc3cccc(O)c3)CC2)cnc1C,1,16.64
CN1CCN(Cc2ccc(CN3CCCCCC3)cc2)CC1,1,9.72
CC(C(=O)N1CCCN(Cc2ccccn2)CC1)c1ccccc1,1,22.17
Cc1ccc(C(=O)N2CCN(C(=O)CNC(C)c3cccc(Cl)c3)CC2)cc1C,1,22.37
O=C(NCc1cccc2c1CCCC2)c1cc(Br)cs1,1,19.01
O=C(NCc1cccc2c1CCCC2)c1cccs1,1,12.93
O=C(CN1CCN(C(=O)Cc2ccccc2)CC1)NCC1COc2ccccc2O1,1,16.79
Cc1cc(C(=O)NCc2ccc(C(=O)N3CCOCC3)cc2)c(C)o1,1,13.05
O=C(Cc1ccccc1F)N1CCN(C(=O)c2ccco2)CC1,1,13.2
CC1CCCC(N2CCN(C(=O)c3ccsc3)CC2)C1,1,18.44
Cc1cc(CNC(=O)c2ccccn2)ccc1OCC1CC1(F)F,1,27.64
COc1cccc(CC(=O)N2CCN(C(=O)Cc3ccccc3)CC2)c1,1,10.6
Cc1cc(C(=O)N2CCN(CCN3CCCC3)CC2)c(C)o1,1,9.57
CC(C)c1ccc(C(=O)N2CCCC(C(=O)NC3CCCCC3)C2)cc1,1,15.85
CC(C)c1ocnc1C(=O)N1CCN(C2CCOCC2)CC1,1,16.78
CN(C)C(=O)NCCc1cc2c(s1)CCN(C(=O)C1CCC1)CC2,1,22.01
CC(C)N(Cc1ccc(C(=O)NCc2ccccc2F)cc1)C1CCCCC1,1,20.85
O=C(CCN1CCCC1)NCc1cccc2c1CCCC2,1,13.07
Cc1ccc(C(=O)N2CCN(C(=O)Cc3cccc(F)c3)CC2)cc1C,1,10.13
O=C(NCc1cccc(F)c1)N1CCN(CCc2ccccc2)CC1,1,15.9
O=C(c1cccc2ccncc12)N1CCN(Cc2ccoc2)CC1,1,22.38
O=C(Cc1ccc(Cl)cc1Cl)N1CCN(C(=O)c2ccoc2)CC1,1,15.21
COc1cccc(CNC2CNCC(c3ccc(F)cc3)C2)c1,1,22.08
Cc1cc(C(=O)N2CCN(C(=O)c3cscn3)CC2)c(C)o1,1,14.03
CCN(Cc1ccc(C(=O)N2CCOCC2)cc1)C(C)=O,1,20.68
O=C(Cc1ccc(Cl)c(Cl)c1)N1CCN(C(=O)NCCc2ccccc2)CC1,1,12.61
CN(C)Cc1cccc(C2CCCCN2)c1,1,18.07
COc1cc(C(=O)N2CCN(C(=O)c3cc(F)ccc3OC)CC2)ccn1,1,21.35
COc1cccc(CCN2CCN(C(=O)CNC(C)C)CC2)c1,1,15.71
CCc1nc(CN2CCN(C(=O)Cc3cccc(F)c3)CC2)cs1,1,18.06
O=C(Cc1ccc(F)cc1Cl)NCC1CCN(C2CCCC2)C1,1,13.73
CC(=O)N1CCN(C(=O)CNC(=O)c2cc(Cc3cccc(Cl)c3)ccc2F)CC1,1,17.44
Cc1cccc(C(=O)N2CCN(C(=O)Cc3ccc(C(F)(F)F)cc3)CC2)c1C,1,11.45
CCCCCCCC(=O)c1cccc(C(C)C(=O)O)c1,1,30.86
O=C(NCc1ccc2c(c1)CN(C(=O)C1CCCc3ccccc31)CC2)c1ccno1,1,28.83
O=C(NCc1ccc(F)cc1)NCc1ccc2c(c1)CCCC2,1,11.07
O=C(Cc1cccc(F)c1)N1CCN(C(=O)N2CCCC2)CC1,1,9.52
O=C(Cc1ccccc1)N1CCN(C(=O)NCc2ccc(F)cc2)CC1,1,9.55
CN(C(=O)c1ccc(F)cc1)C1CCC(CC(=O)N2CCCC2)CC1,1,18.57
Cc1ccc(O)c(CC(=O)N2CCN(C(=O)c3ccc(C)c(C)c3)C2)c1,1,20.76
O=C(Cc1ccc(C(F)(F)F)cc1)NC1CCC1,1,11.13
CC(C)Oc1ccc(CNC(=O)N2CCCC2)cc1,1,12.55
CN(C(=O)CNC(=O)Cc1cccc(Cl)c1)C1CCCCC1,1,17.31
COc1cccc(CCN2CCCC2)c1,1,12.62
COc1ccc(CCC(=O)N2CCCCC2)nc1,1,14.96
O=C(CN1CCCC(C(=O)N2CCCCC2)C1)N1CCCC1,1,18.09
Cc1nc(C)c(C(=O)NC2CCN(Cc3ccc(C)s3)CC2)o1,1,13.88
Cc1cc(S(=O)(=O)N2CCN(C(=O)N3CCCC3)CC2)c(C)s1,1,15.49
O=C(NC1CCC1)c1ccn(Cc2cccc(F)c2)c1,1,16.16
COc1ccccc1CCC(=O)NC1CCN(Cc2ccco2)CC1,1,13.73
Cc1ccc(CNC2COc3ccccc3OC2)s1,1,16.05
O=C(Cc1cccc(Cc2ccccc2)c1)N1CCOCC1,1,13.36
Cc1cc(CNCc2c(C)ccc3c2CCCC3)c(C)o1,1,16.27
Cc1ccc(CNC2CCN(C)C2)cc1C,1,18.7
CC(C)OC(=O)N1CCN(C(=O)NC2CCCC2)CC1,1,12.9
CN1CCN(CCN2CCN(Cc3ccncc3)C2=O)CC1,1,18.74
O=C(Cn1c2c(c3ccccc31)CCCC2)c1ccc(F)cc1,1,18.69
COc1ccc(OC)c(-c2ncc(CN3CCCC3)s2)c1,1,18.52
O=C(COc1ccccc1)N1CCC(OCc2cccnc2)CC1,1,18.41
COc1cc(C(F)(F)F)ccc1C(=O)NC1(C)CCN(C(=O)c2ccco2)C1,1,25.74
CN(Cc1ccccc1)C1CCCN(C(=O)c2ccco2)C1,1,16.91
CCc1nc(-c2csc(CN3CCCC3)c2)no1,1,22.08
CCc1cc(=O)[nH]c(CCC(=O)N2CCCCC2)n1,1,21.85
O=C(c1ccc(CN2CCCCC2)cc1)N1CCOCC1,1,9.69
O=C(Cc1ccccc1)N1CCN(C(=O)Cc2ccc(O)c(O)c2)CC1,1,16.08
COc1ccc(CC(=O)N2CCN(C(=O)c3ccc(C)c(C)c3)CC2)cc1,1,11.76
